title,published_at,domain,url,votes,timestamp_logged
Bitcoin’s price spike supported by ETF demand as stablecoin buying power remains low,2025-04-30T01:00:20Z,cryptoslate.com,https://cryptopanic.com/news/21432336/Bitcoins-price-spike-supported-by-ETF-demand-as-stablecoin-buying-power-remains-low?mtm_campaign=API-OFA,0,2025-04-30T01:20:58.729528
Bank of Italy Warns of Crypto Threats to Financial Stability,2025-04-30T00:51:45Z,coincu.com,https://cryptopanic.com/news/21432077/Bank-of-Italy-Warns-of-Crypto-Threats-to-Financial-Stability?mtm_campaign=API-OFA,0,2025-04-30T01:20:58.729528
"Ethereum breaks key technical barriers, poised for potential rally beyond $4,000",2025-04-30T00:40:16Z,cointrackdaily.com,https://cryptopanic.com/news/21432049/Ethereum-breaks-key-technical-barriers-poised-for-potential-rally-beyond-4000?mtm_campaign=API-OFA,0,2025-04-30T01:20:58.729528
Malaysia launches national blockchain platform to accelerate digital economy,2025-04-30T00:30:59Z,cointrackdaily.com,https://cryptopanic.com/news/21432018/Malaysia-launches-national-blockchain-platform-to-accelerate-digital-economy?mtm_campaign=API-OFA,1,2025-04-30T01:20:58.729528
Secret Reddit Experiment Using AI Personas Sparks Ethics Scandal in Academia,2025-04-30T00:25:55Z,decrypt.co,https://cryptopanic.com/news/21432012/Secret-Reddit-Experiment-Using-AI-Personas-Sparks-Ethics-Scandal-in-Academia?mtm_campaign=API-OFA,0,2025-04-30T01:20:58.729528
"In 2025 we’ll see the emergence of scalable 1 man digital businesses through AI agents

In 2027 we’ll see the emergence of scalable 1 man physical businesses through robotics",2025-04-30T00:24:08Z,@rewkang,https://cryptopanic.com/news/21432029/In-2025-well-see-the-emergence-of-scalable-1-man-digital-businesses-through-AI-agents-In-2027-well-see-the-emergence-of-scalable-1-man-physical-businesses-through-robotics?mtm_campaign=API-OFA,0,2025-04-30T01:20:58.729528
"Bitcoin Price Poised For Strongest Weekly Gain, Targets This Level",2025-04-30T00:20:00Z,thecoinrepublic.com,https://cryptopanic.com/news/21431997/Bitcoin-Price-Poised-For-Strongest-Weekly-Gain-Targets-This-Level?mtm_campaign=API-OFA,0,2025-04-30T01:20:58.729528
SEC extends review of franklin templeton’s XRP ETF proposal,2025-04-30T00:16:21Z,cointrackdaily.com,https://cryptopanic.com/news/21431912/SEC-extends-review-of-franklin-templetons-XRP-ETF-proposal?mtm_campaign=API-OFA,0,2025-04-30T01:20:58.729528
Here’s a Closer Look at Meta’s New Standalone AI App,2025-04-30T00:01:49Z,decrypt.co,https://cryptopanic.com/news/21431178/Heres-a-Closer-Look-at-Metas-New-Standalone-AI-App?mtm_campaign=API-OFA,0,2025-04-30T01:20:58.729528
Trump media announces cryptocurrency plans with truth digital wallet and utility token,2025-04-30T00:01:27Z,cointrackdaily.com,https://cryptopanic.com/news/21430972/Trump-media-announces-cryptocurrency-plans-with-truth-digital-wallet-and-utility-token?mtm_campaign=API-OFA,0,2025-04-30T01:20:58.729528
SEC Chair on Clear Crypto Regulations: Bullish for Bitcoin!,2025-04-30T00:00:46Z,youtube.com,https://cryptopanic.com/news/21431597/SEC-Chair-on-Clear-Crypto-Regulations-Bullish-for-Bitcoin?mtm_campaign=API-OFA,0,2025-04-30T01:20:58.729528
"Trader Predicts Marketwide Crypto Pullback, Lists Five Altcoins To Watch Along With Downside Price Targets",2025-04-30T00:00:12Z,dailyhodl.com,https://cryptopanic.com/news/21430966/Trader-Predicts-Marketwide-Crypto-Pullback-Lists-Five-Altcoins-To-Watch-Along-With-Downside-Price-Targets?mtm_campaign=API-OFA,0,2025-04-30T01:20:58.729528
Trump Media considers crypto token and wallet for streaming arm,2025-04-29T23:56:16Z,cointelegraph.com,https://cryptopanic.com/news/21430955/Trump-Media-considers-crypto-token-and-wallet-for-streaming-arm?mtm_campaign=API-OFA,0,2025-04-30T01:20:58.729528
"SEC Delays Decision on Grayscale Hedera, Franklin Solana ETFs",2025-04-29T23:52:23Z,coincu.com,https://cryptopanic.com/news/21430948/SEC-Delays-Decision-on-Grayscale-Hedera-Franklin-Solana-ETFs?mtm_campaign=API-OFA,0,2025-04-30T01:20:58.729528
The Intersection Between Sports and Crypto with Nexo’s Dimitar Stalimirov (PBW2025 Interview),2025-04-29T23:45:00Z,cryptopotato.com,https://cryptopanic.com/news/21430930/The-Intersection-Between-Sports-and-Crypto-with-Nexos-Dimitar-Stalimirov-PBW2025-Interview?mtm_campaign=API-OFA,0,2025-04-30T01:20:58.729528
Getting Started with Initia: A New L1 for Appchains,2025-04-29T23:40:40Z,bankless.com,https://cryptopanic.com/news/21430928/Getting-Started-with-Initia-A-New-L1-for-Appchains?mtm_campaign=API-OFA,0,2025-04-30T01:20:58.729528
"SEC delays 5 crypto ETFs, analysts expect final rulings by October",2025-04-29T23:30:41Z,cryptoslate.com,https://cryptopanic.com/news/21430910/SEC-delays-5-crypto-ETFs-analysts-expect-final-rulings-by-October?mtm_campaign=API-OFA,0,2025-04-30T01:20:58.729528
Russian AML Agency Wants to Criminalize Illegal Crypto Mining,2025-04-29T23:30:00Z,cryptonews.com,https://cryptopanic.com/news/21430892/Russian-AML-Agency-Wants-to-Criminalize-Illegal-Crypto-Mining?mtm_campaign=API-OFA,0,2025-04-30T01:20:58.729528
"Labor pain, crypto gain — How weak JOLTS data sets path for Bitcoin price to rally",2025-04-29T23:30:00Z,cointelegraph.com,https://cryptopanic.com/news/21430922/Labor-pain-crypto-gain-How-weak-JOLTS-data-sets-path-for-Bitcoin-price-to-rally?mtm_campaign=API-OFA,0,2025-04-30T01:20:58.729528
Trump Media Plans to Launch Cryptocurrency Token,2025-04-29T23:22:07Z,coincu.com,https://cryptopanic.com/news/21430890/Trump-Media-Plans-to-Launch-Cryptocurrency-Token?mtm_campaign=API-OFA,0,2025-04-30T01:20:58.729528
Bitcoin’s price spike supported by ETF demand as stablecoin buying power remains low,2025-04-30T01:00:20Z,cryptoslate.com,https://cryptopanic.com/news/21432336/Bitcoins-price-spike-supported-by-ETF-demand-as-stablecoin-buying-power-remains-low?mtm_campaign=API-OFA,0,2025-04-30T01:21:46.243906
Bank of Italy Warns of Crypto Threats to Financial Stability,2025-04-30T00:51:45Z,coincu.com,https://cryptopanic.com/news/21432077/Bank-of-Italy-Warns-of-Crypto-Threats-to-Financial-Stability?mtm_campaign=API-OFA,0,2025-04-30T01:21:46.243906
"Ethereum breaks key technical barriers, poised for potential rally beyond $4,000",2025-04-30T00:40:16Z,cointrackdaily.com,https://cryptopanic.com/news/21432049/Ethereum-breaks-key-technical-barriers-poised-for-potential-rally-beyond-4000?mtm_campaign=API-OFA,0,2025-04-30T01:21:46.243906
Malaysia launches national blockchain platform to accelerate digital economy,2025-04-30T00:30:59Z,cointrackdaily.com,https://cryptopanic.com/news/21432018/Malaysia-launches-national-blockchain-platform-to-accelerate-digital-economy?mtm_campaign=API-OFA,1,2025-04-30T01:21:46.243906
Secret Reddit Experiment Using AI Personas Sparks Ethics Scandal in Academia,2025-04-30T00:25:55Z,decrypt.co,https://cryptopanic.com/news/21432012/Secret-Reddit-Experiment-Using-AI-Personas-Sparks-Ethics-Scandal-in-Academia?mtm_campaign=API-OFA,0,2025-04-30T01:21:46.243906
"In 2025 we’ll see the emergence of scalable 1 man digital businesses through AI agents

In 2027 we’ll see the emergence of scalable 1 man physical businesses through robotics",2025-04-30T00:24:08Z,@rewkang,https://cryptopanic.com/news/21432029/In-2025-well-see-the-emergence-of-scalable-1-man-digital-businesses-through-AI-agents-In-2027-well-see-the-emergence-of-scalable-1-man-physical-businesses-through-robotics?mtm_campaign=API-OFA,0,2025-04-30T01:21:46.243906
"Bitcoin Price Poised For Strongest Weekly Gain, Targets This Level",2025-04-30T00:20:00Z,thecoinrepublic.com,https://cryptopanic.com/news/21431997/Bitcoin-Price-Poised-For-Strongest-Weekly-Gain-Targets-This-Level?mtm_campaign=API-OFA,0,2025-04-30T01:21:46.243906
SEC extends review of franklin templeton’s XRP ETF proposal,2025-04-30T00:16:21Z,cointrackdaily.com,https://cryptopanic.com/news/21431912/SEC-extends-review-of-franklin-templetons-XRP-ETF-proposal?mtm_campaign=API-OFA,0,2025-04-30T01:21:46.243906
Here’s a Closer Look at Meta’s New Standalone AI App,2025-04-30T00:01:49Z,decrypt.co,https://cryptopanic.com/news/21431178/Heres-a-Closer-Look-at-Metas-New-Standalone-AI-App?mtm_campaign=API-OFA,0,2025-04-30T01:21:46.243906
Trump media announces cryptocurrency plans with truth digital wallet and utility token,2025-04-30T00:01:27Z,cointrackdaily.com,https://cryptopanic.com/news/21430972/Trump-media-announces-cryptocurrency-plans-with-truth-digital-wallet-and-utility-token?mtm_campaign=API-OFA,0,2025-04-30T01:21:46.243906
SEC Chair on Clear Crypto Regulations: Bullish for Bitcoin!,2025-04-30T00:00:46Z,youtube.com,https://cryptopanic.com/news/21431597/SEC-Chair-on-Clear-Crypto-Regulations-Bullish-for-Bitcoin?mtm_campaign=API-OFA,0,2025-04-30T01:21:46.243906
"Trader Predicts Marketwide Crypto Pullback, Lists Five Altcoins To Watch Along With Downside Price Targets",2025-04-30T00:00:12Z,dailyhodl.com,https://cryptopanic.com/news/21430966/Trader-Predicts-Marketwide-Crypto-Pullback-Lists-Five-Altcoins-To-Watch-Along-With-Downside-Price-Targets?mtm_campaign=API-OFA,0,2025-04-30T01:21:46.243906
Trump Media considers crypto token and wallet for streaming arm,2025-04-29T23:56:16Z,cointelegraph.com,https://cryptopanic.com/news/21430955/Trump-Media-considers-crypto-token-and-wallet-for-streaming-arm?mtm_campaign=API-OFA,0,2025-04-30T01:21:46.243906
"SEC Delays Decision on Grayscale Hedera, Franklin Solana ETFs",2025-04-29T23:52:23Z,coincu.com,https://cryptopanic.com/news/21430948/SEC-Delays-Decision-on-Grayscale-Hedera-Franklin-Solana-ETFs?mtm_campaign=API-OFA,0,2025-04-30T01:21:46.243906
The Intersection Between Sports and Crypto with Nexo’s Dimitar Stalimirov (PBW2025 Interview),2025-04-29T23:45:00Z,cryptopotato.com,https://cryptopanic.com/news/21430930/The-Intersection-Between-Sports-and-Crypto-with-Nexos-Dimitar-Stalimirov-PBW2025-Interview?mtm_campaign=API-OFA,0,2025-04-30T01:21:46.243906
Getting Started with Initia: A New L1 for Appchains,2025-04-29T23:40:40Z,bankless.com,https://cryptopanic.com/news/21430928/Getting-Started-with-Initia-A-New-L1-for-Appchains?mtm_campaign=API-OFA,0,2025-04-30T01:21:46.243906
"SEC delays 5 crypto ETFs, analysts expect final rulings by October",2025-04-29T23:30:41Z,cryptoslate.com,https://cryptopanic.com/news/21430910/SEC-delays-5-crypto-ETFs-analysts-expect-final-rulings-by-October?mtm_campaign=API-OFA,0,2025-04-30T01:21:46.243906
Russian AML Agency Wants to Criminalize Illegal Crypto Mining,2025-04-29T23:30:00Z,cryptonews.com,https://cryptopanic.com/news/21430892/Russian-AML-Agency-Wants-to-Criminalize-Illegal-Crypto-Mining?mtm_campaign=API-OFA,0,2025-04-30T01:21:46.243906
"Labor pain, crypto gain — How weak JOLTS data sets path for Bitcoin price to rally",2025-04-29T23:30:00Z,cointelegraph.com,https://cryptopanic.com/news/21430922/Labor-pain-crypto-gain-How-weak-JOLTS-data-sets-path-for-Bitcoin-price-to-rally?mtm_campaign=API-OFA,0,2025-04-30T01:21:46.243906
Trump Media Plans to Launch Cryptocurrency Token,2025-04-29T23:22:07Z,coincu.com,https://cryptopanic.com/news/21430890/Trump-Media-Plans-to-Launch-Cryptocurrency-Token?mtm_campaign=API-OFA,0,2025-04-30T01:21:46.243906
Bitcoin’s price spike supported by ETF demand as stablecoin buying power remains low,2025-04-30T01:00:20Z,cryptoslate.com,https://cryptopanic.com/news/21432336/Bitcoins-price-spike-supported-by-ETF-demand-as-stablecoin-buying-power-remains-low?mtm_campaign=API-OFA,0,2025-04-30T01:21:50.412180
Bank of Italy Warns of Crypto Threats to Financial Stability,2025-04-30T00:51:45Z,coincu.com,https://cryptopanic.com/news/21432077/Bank-of-Italy-Warns-of-Crypto-Threats-to-Financial-Stability?mtm_campaign=API-OFA,0,2025-04-30T01:21:50.412180
"Ethereum breaks key technical barriers, poised for potential rally beyond $4,000",2025-04-30T00:40:16Z,cointrackdaily.com,https://cryptopanic.com/news/21432049/Ethereum-breaks-key-technical-barriers-poised-for-potential-rally-beyond-4000?mtm_campaign=API-OFA,0,2025-04-30T01:21:50.412180
Malaysia launches national blockchain platform to accelerate digital economy,2025-04-30T00:30:59Z,cointrackdaily.com,https://cryptopanic.com/news/21432018/Malaysia-launches-national-blockchain-platform-to-accelerate-digital-economy?mtm_campaign=API-OFA,1,2025-04-30T01:21:50.412180
Secret Reddit Experiment Using AI Personas Sparks Ethics Scandal in Academia,2025-04-30T00:25:55Z,decrypt.co,https://cryptopanic.com/news/21432012/Secret-Reddit-Experiment-Using-AI-Personas-Sparks-Ethics-Scandal-in-Academia?mtm_campaign=API-OFA,0,2025-04-30T01:21:50.412180
"In 2025 we’ll see the emergence of scalable 1 man digital businesses through AI agents

In 2027 we’ll see the emergence of scalable 1 man physical businesses through robotics",2025-04-30T00:24:08Z,@rewkang,https://cryptopanic.com/news/21432029/In-2025-well-see-the-emergence-of-scalable-1-man-digital-businesses-through-AI-agents-In-2027-well-see-the-emergence-of-scalable-1-man-physical-businesses-through-robotics?mtm_campaign=API-OFA,0,2025-04-30T01:21:50.412180
"Bitcoin Price Poised For Strongest Weekly Gain, Targets This Level",2025-04-30T00:20:00Z,thecoinrepublic.com,https://cryptopanic.com/news/21431997/Bitcoin-Price-Poised-For-Strongest-Weekly-Gain-Targets-This-Level?mtm_campaign=API-OFA,0,2025-04-30T01:21:50.412180
SEC extends review of franklin templeton’s XRP ETF proposal,2025-04-30T00:16:21Z,cointrackdaily.com,https://cryptopanic.com/news/21431912/SEC-extends-review-of-franklin-templetons-XRP-ETF-proposal?mtm_campaign=API-OFA,0,2025-04-30T01:21:50.412180
Here’s a Closer Look at Meta’s New Standalone AI App,2025-04-30T00:01:49Z,decrypt.co,https://cryptopanic.com/news/21431178/Heres-a-Closer-Look-at-Metas-New-Standalone-AI-App?mtm_campaign=API-OFA,0,2025-04-30T01:21:50.412180
Trump media announces cryptocurrency plans with truth digital wallet and utility token,2025-04-30T00:01:27Z,cointrackdaily.com,https://cryptopanic.com/news/21430972/Trump-media-announces-cryptocurrency-plans-with-truth-digital-wallet-and-utility-token?mtm_campaign=API-OFA,0,2025-04-30T01:21:50.412180
SEC Chair on Clear Crypto Regulations: Bullish for Bitcoin!,2025-04-30T00:00:46Z,youtube.com,https://cryptopanic.com/news/21431597/SEC-Chair-on-Clear-Crypto-Regulations-Bullish-for-Bitcoin?mtm_campaign=API-OFA,0,2025-04-30T01:21:50.412180
"Trader Predicts Marketwide Crypto Pullback, Lists Five Altcoins To Watch Along With Downside Price Targets",2025-04-30T00:00:12Z,dailyhodl.com,https://cryptopanic.com/news/21430966/Trader-Predicts-Marketwide-Crypto-Pullback-Lists-Five-Altcoins-To-Watch-Along-With-Downside-Price-Targets?mtm_campaign=API-OFA,0,2025-04-30T01:21:50.412180
Trump Media considers crypto token and wallet for streaming arm,2025-04-29T23:56:16Z,cointelegraph.com,https://cryptopanic.com/news/21430955/Trump-Media-considers-crypto-token-and-wallet-for-streaming-arm?mtm_campaign=API-OFA,0,2025-04-30T01:21:50.412180
"SEC Delays Decision on Grayscale Hedera, Franklin Solana ETFs",2025-04-29T23:52:23Z,coincu.com,https://cryptopanic.com/news/21430948/SEC-Delays-Decision-on-Grayscale-Hedera-Franklin-Solana-ETFs?mtm_campaign=API-OFA,0,2025-04-30T01:21:50.412180
The Intersection Between Sports and Crypto with Nexo’s Dimitar Stalimirov (PBW2025 Interview),2025-04-29T23:45:00Z,cryptopotato.com,https://cryptopanic.com/news/21430930/The-Intersection-Between-Sports-and-Crypto-with-Nexos-Dimitar-Stalimirov-PBW2025-Interview?mtm_campaign=API-OFA,0,2025-04-30T01:21:50.412180
Getting Started with Initia: A New L1 for Appchains,2025-04-29T23:40:40Z,bankless.com,https://cryptopanic.com/news/21430928/Getting-Started-with-Initia-A-New-L1-for-Appchains?mtm_campaign=API-OFA,0,2025-04-30T01:21:50.412180
"SEC delays 5 crypto ETFs, analysts expect final rulings by October",2025-04-29T23:30:41Z,cryptoslate.com,https://cryptopanic.com/news/21430910/SEC-delays-5-crypto-ETFs-analysts-expect-final-rulings-by-October?mtm_campaign=API-OFA,0,2025-04-30T01:21:50.412180
Russian AML Agency Wants to Criminalize Illegal Crypto Mining,2025-04-29T23:30:00Z,cryptonews.com,https://cryptopanic.com/news/21430892/Russian-AML-Agency-Wants-to-Criminalize-Illegal-Crypto-Mining?mtm_campaign=API-OFA,0,2025-04-30T01:21:50.412180
"Labor pain, crypto gain — How weak JOLTS data sets path for Bitcoin price to rally",2025-04-29T23:30:00Z,cointelegraph.com,https://cryptopanic.com/news/21430922/Labor-pain-crypto-gain-How-weak-JOLTS-data-sets-path-for-Bitcoin-price-to-rally?mtm_campaign=API-OFA,0,2025-04-30T01:21:50.412180
Trump Media Plans to Launch Cryptocurrency Token,2025-04-29T23:22:07Z,coincu.com,https://cryptopanic.com/news/21430890/Trump-Media-Plans-to-Launch-Cryptocurrency-Token?mtm_campaign=API-OFA,0,2025-04-30T01:21:50.412180
Solayer Crypto Soars 137% — Hype Justified or Time to Short?,2025-04-30T01:27:23Z,99bitcoins.com,https://cryptopanic.com/news/21433140/Solayer-Crypto-Soars-137-Hype-Justified-or-Time-to-Short?mtm_campaign=API-OPA,0,2025-04-30T01:32:33.154872
Trump Truth Social Platform Considers launching a Crypto Token,2025-04-30T01:24:38Z,99bitcoins.com,https://cryptopanic.com/news/21433139/Trump-Truth-Social-Platform-Considers-launching-a-Crypto-Token?mtm_campaign=API-OPA,0,2025-04-30T01:32:33.154872
Bitcoin’s price spike supported by ETF demand as stablecoin buying power remains low,2025-04-30T01:00:20Z,cryptoslate.com,https://cryptopanic.com/news/21432336/Bitcoins-price-spike-supported-by-ETF-demand-as-stablecoin-buying-power-remains-low?mtm_campaign=API-OPA,0,2025-04-30T01:32:33.154872
Bank of Italy Warns of Crypto Threats to Financial Stability,2025-04-30T00:51:45Z,coincu.com,https://cryptopanic.com/news/21432077/Bank-of-Italy-Warns-of-Crypto-Threats-to-Financial-Stability?mtm_campaign=API-OPA,0,2025-04-30T01:32:33.154872
"Ethereum breaks key technical barriers, poised for potential rally beyond $4,000",2025-04-30T00:40:16Z,cointrackdaily.com,https://cryptopanic.com/news/21432049/Ethereum-breaks-key-technical-barriers-poised-for-potential-rally-beyond-4000?mtm_campaign=API-OPA,0,2025-04-30T01:32:33.154872
Malaysia launches national blockchain platform to accelerate digital economy,2025-04-30T00:30:59Z,cointrackdaily.com,https://cryptopanic.com/news/21432018/Malaysia-launches-national-blockchain-platform-to-accelerate-digital-economy?mtm_campaign=API-OPA,1,2025-04-30T01:32:33.154872
AWS and Microsoft Data Center Pullback Reveals Blockchain’s AI Imperative,2025-04-30T00:26:55Z,beincrypto.com,https://cryptopanic.com/news/21433132/AWS-and-Microsoft-Data-Center-Pullback-Reveals-Blockchains-AI-Imperative?mtm_campaign=API-OPA,0,2025-04-30T01:32:33.154872
Secret Reddit Experiment Using AI Personas Sparks Ethics Scandal in Academia,2025-04-30T00:25:55Z,decrypt.co,https://cryptopanic.com/news/21432012/Secret-Reddit-Experiment-Using-AI-Personas-Sparks-Ethics-Scandal-in-Academia?mtm_campaign=API-OPA,0,2025-04-30T01:32:33.154872
"In 2025 we’ll see the emergence of scalable 1 man digital businesses through AI agents

In 2027 we’ll see the emergence of scalable 1 man physical businesses through robotics",2025-04-30T00:24:08Z,@rewkang,https://cryptopanic.com/news/21432029/In-2025-well-see-the-emergence-of-scalable-1-man-digital-businesses-through-AI-agents-In-2027-well-see-the-emergence-of-scalable-1-man-physical-businesses-through-robotics?mtm_campaign=API-OPA,0,2025-04-30T01:32:33.154872
"Bitcoin Price Poised For Strongest Weekly Gain, Targets This Level",2025-04-30T00:20:00Z,thecoinrepublic.com,https://cryptopanic.com/news/21431997/Bitcoin-Price-Poised-For-Strongest-Weekly-Gain-Targets-This-Level?mtm_campaign=API-OPA,0,2025-04-30T01:32:33.154872
SEC extends review of franklin templeton’s XRP ETF proposal,2025-04-30T00:16:21Z,cointrackdaily.com,https://cryptopanic.com/news/21431912/SEC-extends-review-of-franklin-templetons-XRP-ETF-proposal?mtm_campaign=API-OPA,0,2025-04-30T01:32:33.154872
Here’s a Closer Look at Meta’s New Standalone AI App,2025-04-30T00:01:49Z,decrypt.co,https://cryptopanic.com/news/21431178/Heres-a-Closer-Look-at-Metas-New-Standalone-AI-App?mtm_campaign=API-OPA,0,2025-04-30T01:32:33.154872
Trump media announces cryptocurrency plans with truth digital wallet and utility token,2025-04-30T00:01:27Z,cointrackdaily.com,https://cryptopanic.com/news/21430972/Trump-media-announces-cryptocurrency-plans-with-truth-digital-wallet-and-utility-token?mtm_campaign=API-OPA,0,2025-04-30T01:32:33.154872
SEC Chair on Clear Crypto Regulations: Bullish for Bitcoin!,2025-04-30T00:00:46Z,youtube.com,https://cryptopanic.com/news/21431597/SEC-Chair-on-Clear-Crypto-Regulations-Bullish-for-Bitcoin?mtm_campaign=API-OPA,0,2025-04-30T01:32:33.154872
"Trader Predicts Marketwide Crypto Pullback, Lists Five Altcoins To Watch Along With Downside Price Targets",2025-04-30T00:00:12Z,dailyhodl.com,https://cryptopanic.com/news/21430966/Trader-Predicts-Marketwide-Crypto-Pullback-Lists-Five-Altcoins-To-Watch-Along-With-Downside-Price-Targets?mtm_campaign=API-OPA,0,2025-04-30T01:32:33.154872
Trump Media considers crypto token and wallet for streaming arm,2025-04-29T23:56:16Z,cointelegraph.com,https://cryptopanic.com/news/21430955/Trump-Media-considers-crypto-token-and-wallet-for-streaming-arm?mtm_campaign=API-OPA,0,2025-04-30T01:32:33.154872
"SEC Delays Decision on Grayscale Hedera, Franklin Solana ETFs",2025-04-29T23:52:23Z,coincu.com,https://cryptopanic.com/news/21430948/SEC-Delays-Decision-on-Grayscale-Hedera-Franklin-Solana-ETFs?mtm_campaign=API-OPA,0,2025-04-30T01:32:33.154872
The Intersection Between Sports and Crypto with Nexo’s Dimitar Stalimirov (PBW2025 Interview),2025-04-29T23:45:00Z,cryptopotato.com,https://cryptopanic.com/news/21430930/The-Intersection-Between-Sports-and-Crypto-with-Nexos-Dimitar-Stalimirov-PBW2025-Interview?mtm_campaign=API-OPA,0,2025-04-30T01:32:33.154872
Getting Started with Initia: A New L1 for Appchains,2025-04-29T23:40:40Z,bankless.com,https://cryptopanic.com/news/21430928/Getting-Started-with-Initia-A-New-L1-for-Appchains?mtm_campaign=API-OPA,0,2025-04-30T01:32:33.154872
"SEC delays 5 crypto ETFs, analysts expect final rulings by October",2025-04-29T23:30:41Z,cryptoslate.com,https://cryptopanic.com/news/21430910/SEC-delays-5-crypto-ETFs-analysts-expect-final-rulings-by-October?mtm_campaign=API-OPA,0,2025-04-30T01:32:33.154872
Solayer Crypto Soars 137% — Hype Justified or Time to Short?,2025-04-30T01:27:23Z,99bitcoins.com,https://cryptopanic.com/news/21433140/Solayer-Crypto-Soars-137-Hype-Justified-or-Time-to-Short?mtm_campaign=API-OFA,0,2025-04-30T01:41:07.827285
Trump Truth Social Platform Considers launching a Crypto Token,2025-04-30T01:24:38Z,99bitcoins.com,https://cryptopanic.com/news/21433139/Trump-Truth-Social-Platform-Considers-launching-a-Crypto-Token?mtm_campaign=API-OFA,0,2025-04-30T01:41:07.827285
Bitcoin’s price spike supported by ETF demand as stablecoin buying power remains low,2025-04-30T01:00:20Z,cryptoslate.com,https://cryptopanic.com/news/21432336/Bitcoins-price-spike-supported-by-ETF-demand-as-stablecoin-buying-power-remains-low?mtm_campaign=API-OFA,0,2025-04-30T01:41:07.827285
Bank of Italy Warns of Crypto Threats to Financial Stability,2025-04-30T00:51:45Z,coincu.com,https://cryptopanic.com/news/21432077/Bank-of-Italy-Warns-of-Crypto-Threats-to-Financial-Stability?mtm_campaign=API-OFA,0,2025-04-30T01:41:07.827285
"Ethereum breaks key technical barriers, poised for potential rally beyond $4,000",2025-04-30T00:40:16Z,cointrackdaily.com,https://cryptopanic.com/news/21432049/Ethereum-breaks-key-technical-barriers-poised-for-potential-rally-beyond-4000?mtm_campaign=API-OFA,0,2025-04-30T01:41:07.827285
Malaysia launches national blockchain platform to accelerate digital economy,2025-04-30T00:30:59Z,cointrackdaily.com,https://cryptopanic.com/news/21432018/Malaysia-launches-national-blockchain-platform-to-accelerate-digital-economy?mtm_campaign=API-OFA,1,2025-04-30T01:41:07.827285
AWS and Microsoft Data Center Pullback Reveals Blockchain’s AI Imperative,2025-04-30T00:26:55Z,beincrypto.com,https://cryptopanic.com/news/21433132/AWS-and-Microsoft-Data-Center-Pullback-Reveals-Blockchains-AI-Imperative?mtm_campaign=API-OFA,0,2025-04-30T01:41:07.827285
Secret Reddit Experiment Using AI Personas Sparks Ethics Scandal in Academia,2025-04-30T00:25:55Z,decrypt.co,https://cryptopanic.com/news/21432012/Secret-Reddit-Experiment-Using-AI-Personas-Sparks-Ethics-Scandal-in-Academia?mtm_campaign=API-OFA,0,2025-04-30T01:41:07.827285
"In 2025 we’ll see the emergence of scalable 1 man digital businesses through AI agents

In 2027 we’ll see the emergence of scalable 1 man physical businesses through robotics",2025-04-30T00:24:08Z,@rewkang,https://cryptopanic.com/news/21432029/In-2025-well-see-the-emergence-of-scalable-1-man-digital-businesses-through-AI-agents-In-2027-well-see-the-emergence-of-scalable-1-man-physical-businesses-through-robotics?mtm_campaign=API-OFA,0,2025-04-30T01:41:07.827285
"Bitcoin Price Poised For Strongest Weekly Gain, Targets This Level",2025-04-30T00:20:00Z,thecoinrepublic.com,https://cryptopanic.com/news/21431997/Bitcoin-Price-Poised-For-Strongest-Weekly-Gain-Targets-This-Level?mtm_campaign=API-OFA,0,2025-04-30T01:41:07.827285
SEC extends review of franklin templeton’s XRP ETF proposal,2025-04-30T00:16:21Z,cointrackdaily.com,https://cryptopanic.com/news/21431912/SEC-extends-review-of-franklin-templetons-XRP-ETF-proposal?mtm_campaign=API-OFA,0,2025-04-30T01:41:07.827285
Here’s a Closer Look at Meta’s New Standalone AI App,2025-04-30T00:01:49Z,decrypt.co,https://cryptopanic.com/news/21431178/Heres-a-Closer-Look-at-Metas-New-Standalone-AI-App?mtm_campaign=API-OFA,0,2025-04-30T01:41:07.827285
Trump media announces cryptocurrency plans with truth digital wallet and utility token,2025-04-30T00:01:27Z,cointrackdaily.com,https://cryptopanic.com/news/21430972/Trump-media-announces-cryptocurrency-plans-with-truth-digital-wallet-and-utility-token?mtm_campaign=API-OFA,0,2025-04-30T01:41:07.827285
SEC Chair on Clear Crypto Regulations: Bullish for Bitcoin!,2025-04-30T00:00:46Z,youtube.com,https://cryptopanic.com/news/21431597/SEC-Chair-on-Clear-Crypto-Regulations-Bullish-for-Bitcoin?mtm_campaign=API-OFA,0,2025-04-30T01:41:07.827285
"Trader Predicts Marketwide Crypto Pullback, Lists Five Altcoins To Watch Along With Downside Price Targets",2025-04-30T00:00:12Z,dailyhodl.com,https://cryptopanic.com/news/21430966/Trader-Predicts-Marketwide-Crypto-Pullback-Lists-Five-Altcoins-To-Watch-Along-With-Downside-Price-Targets?mtm_campaign=API-OFA,0,2025-04-30T01:41:07.827285
Trump Media considers crypto token and wallet for streaming arm,2025-04-29T23:56:16Z,cointelegraph.com,https://cryptopanic.com/news/21430955/Trump-Media-considers-crypto-token-and-wallet-for-streaming-arm?mtm_campaign=API-OFA,0,2025-04-30T01:41:07.827285
"SEC Delays Decision on Grayscale Hedera, Franklin Solana ETFs",2025-04-29T23:52:23Z,coincu.com,https://cryptopanic.com/news/21430948/SEC-Delays-Decision-on-Grayscale-Hedera-Franklin-Solana-ETFs?mtm_campaign=API-OFA,0,2025-04-30T01:41:07.827285
The Intersection Between Sports and Crypto with Nexo’s Dimitar Stalimirov (PBW2025 Interview),2025-04-29T23:45:00Z,cryptopotato.com,https://cryptopanic.com/news/21430930/The-Intersection-Between-Sports-and-Crypto-with-Nexos-Dimitar-Stalimirov-PBW2025-Interview?mtm_campaign=API-OFA,0,2025-04-30T01:41:07.827285
Getting Started with Initia: A New L1 for Appchains,2025-04-29T23:40:40Z,bankless.com,https://cryptopanic.com/news/21430928/Getting-Started-with-Initia-A-New-L1-for-Appchains?mtm_campaign=API-OFA,0,2025-04-30T01:41:07.827285
"SEC delays 5 crypto ETFs, analysts expect final rulings by October",2025-04-29T23:30:41Z,cryptoslate.com,https://cryptopanic.com/news/21430910/SEC-delays-5-crypto-ETFs-analysts-expect-final-rulings-by-October?mtm_campaign=API-OFA,0,2025-04-30T01:41:07.828286
Solayer Crypto Soars 137% — Hype Justified or Time to Short?,2025-04-30T01:27:23Z,99bitcoins.com,https://cryptopanic.com/news/21433140/Solayer-Crypto-Soars-137-Hype-Justified-or-Time-to-Short?mtm_campaign=API-OFA,0,2025-04-30T01:41:35.860928
Trump Truth Social Platform Considers launching a Crypto Token,2025-04-30T01:24:38Z,99bitcoins.com,https://cryptopanic.com/news/21433139/Trump-Truth-Social-Platform-Considers-launching-a-Crypto-Token?mtm_campaign=API-OFA,0,2025-04-30T01:41:35.860928
Bitcoin’s price spike supported by ETF demand as stablecoin buying power remains low,2025-04-30T01:00:20Z,cryptoslate.com,https://cryptopanic.com/news/21432336/Bitcoins-price-spike-supported-by-ETF-demand-as-stablecoin-buying-power-remains-low?mtm_campaign=API-OFA,0,2025-04-30T01:41:35.860928
Bank of Italy Warns of Crypto Threats to Financial Stability,2025-04-30T00:51:45Z,coincu.com,https://cryptopanic.com/news/21432077/Bank-of-Italy-Warns-of-Crypto-Threats-to-Financial-Stability?mtm_campaign=API-OFA,0,2025-04-30T01:41:35.860928
"Ethereum breaks key technical barriers, poised for potential rally beyond $4,000",2025-04-30T00:40:16Z,cointrackdaily.com,https://cryptopanic.com/news/21432049/Ethereum-breaks-key-technical-barriers-poised-for-potential-rally-beyond-4000?mtm_campaign=API-OFA,0,2025-04-30T01:41:35.860928
Malaysia launches national blockchain platform to accelerate digital economy,2025-04-30T00:30:59Z,cointrackdaily.com,https://cryptopanic.com/news/21432018/Malaysia-launches-national-blockchain-platform-to-accelerate-digital-economy?mtm_campaign=API-OFA,1,2025-04-30T01:41:35.860928
AWS and Microsoft Data Center Pullback Reveals Blockchain’s AI Imperative,2025-04-30T00:26:55Z,beincrypto.com,https://cryptopanic.com/news/21433132/AWS-and-Microsoft-Data-Center-Pullback-Reveals-Blockchains-AI-Imperative?mtm_campaign=API-OFA,0,2025-04-30T01:41:35.860928
Secret Reddit Experiment Using AI Personas Sparks Ethics Scandal in Academia,2025-04-30T00:25:55Z,decrypt.co,https://cryptopanic.com/news/21432012/Secret-Reddit-Experiment-Using-AI-Personas-Sparks-Ethics-Scandal-in-Academia?mtm_campaign=API-OFA,0,2025-04-30T01:41:35.860928
"In 2025 we’ll see the emergence of scalable 1 man digital businesses through AI agents

In 2027 we’ll see the emergence of scalable 1 man physical businesses through robotics",2025-04-30T00:24:08Z,@rewkang,https://cryptopanic.com/news/21432029/In-2025-well-see-the-emergence-of-scalable-1-man-digital-businesses-through-AI-agents-In-2027-well-see-the-emergence-of-scalable-1-man-physical-businesses-through-robotics?mtm_campaign=API-OFA,0,2025-04-30T01:41:35.860928
"Bitcoin Price Poised For Strongest Weekly Gain, Targets This Level",2025-04-30T00:20:00Z,thecoinrepublic.com,https://cryptopanic.com/news/21431997/Bitcoin-Price-Poised-For-Strongest-Weekly-Gain-Targets-This-Level?mtm_campaign=API-OFA,0,2025-04-30T01:41:35.860928
SEC extends review of franklin templeton’s XRP ETF proposal,2025-04-30T00:16:21Z,cointrackdaily.com,https://cryptopanic.com/news/21431912/SEC-extends-review-of-franklin-templetons-XRP-ETF-proposal?mtm_campaign=API-OFA,0,2025-04-30T01:41:35.860928
Here’s a Closer Look at Meta’s New Standalone AI App,2025-04-30T00:01:49Z,decrypt.co,https://cryptopanic.com/news/21431178/Heres-a-Closer-Look-at-Metas-New-Standalone-AI-App?mtm_campaign=API-OFA,0,2025-04-30T01:41:35.860928
Trump media announces cryptocurrency plans with truth digital wallet and utility token,2025-04-30T00:01:27Z,cointrackdaily.com,https://cryptopanic.com/news/21430972/Trump-media-announces-cryptocurrency-plans-with-truth-digital-wallet-and-utility-token?mtm_campaign=API-OFA,0,2025-04-30T01:41:35.860928
SEC Chair on Clear Crypto Regulations: Bullish for Bitcoin!,2025-04-30T00:00:46Z,youtube.com,https://cryptopanic.com/news/21431597/SEC-Chair-on-Clear-Crypto-Regulations-Bullish-for-Bitcoin?mtm_campaign=API-OFA,0,2025-04-30T01:41:35.860928
"Trader Predicts Marketwide Crypto Pullback, Lists Five Altcoins To Watch Along With Downside Price Targets",2025-04-30T00:00:12Z,dailyhodl.com,https://cryptopanic.com/news/21430966/Trader-Predicts-Marketwide-Crypto-Pullback-Lists-Five-Altcoins-To-Watch-Along-With-Downside-Price-Targets?mtm_campaign=API-OFA,0,2025-04-30T01:41:35.860928
Trump Media considers crypto token and wallet for streaming arm,2025-04-29T23:56:16Z,cointelegraph.com,https://cryptopanic.com/news/21430955/Trump-Media-considers-crypto-token-and-wallet-for-streaming-arm?mtm_campaign=API-OFA,0,2025-04-30T01:41:35.860928
"SEC Delays Decision on Grayscale Hedera, Franklin Solana ETFs",2025-04-29T23:52:23Z,coincu.com,https://cryptopanic.com/news/21430948/SEC-Delays-Decision-on-Grayscale-Hedera-Franklin-Solana-ETFs?mtm_campaign=API-OFA,0,2025-04-30T01:41:35.860928
The Intersection Between Sports and Crypto with Nexo’s Dimitar Stalimirov (PBW2025 Interview),2025-04-29T23:45:00Z,cryptopotato.com,https://cryptopanic.com/news/21430930/The-Intersection-Between-Sports-and-Crypto-with-Nexos-Dimitar-Stalimirov-PBW2025-Interview?mtm_campaign=API-OFA,0,2025-04-30T01:41:35.860928
Getting Started with Initia: A New L1 for Appchains,2025-04-29T23:40:40Z,bankless.com,https://cryptopanic.com/news/21430928/Getting-Started-with-Initia-A-New-L1-for-Appchains?mtm_campaign=API-OFA,0,2025-04-30T01:41:35.860928
"SEC delays 5 crypto ETFs, analysts expect final rulings by October",2025-04-29T23:30:41Z,cryptoslate.com,https://cryptopanic.com/news/21430910/SEC-delays-5-crypto-ETFs-analysts-expect-final-rulings-by-October?mtm_campaign=API-OFA,0,2025-04-30T01:41:35.860928
Trump’s $1 billion Dubai Tower to accept cryptocurrency for condo sales,2025-04-30T01:43:36Z,cryptopolitan.com,https://cryptopanic.com/news/21433172/Trumps-1-billion-Dubai-Tower-to-accept-cryptocurrency-for-condo-sales?mtm_campaign=API-OFA,0,2025-04-30T01:46:41.729079
Solayer Crypto Soars 137% — Hype Justified or Time to Short?,2025-04-30T01:27:23Z,99bitcoins.com,https://cryptopanic.com/news/21433140/Solayer-Crypto-Soars-137-Hype-Justified-or-Time-to-Short?mtm_campaign=API-OFA,0,2025-04-30T01:46:41.729079
Trump Truth Social Platform Considers launching a Crypto Token,2025-04-30T01:24:38Z,99bitcoins.com,https://cryptopanic.com/news/21433139/Trump-Truth-Social-Platform-Considers-launching-a-Crypto-Token?mtm_campaign=API-OFA,0,2025-04-30T01:46:41.729079
Bitcoin’s price spike supported by ETF demand as stablecoin buying power remains low,2025-04-30T01:00:20Z,cryptoslate.com,https://cryptopanic.com/news/21432336/Bitcoins-price-spike-supported-by-ETF-demand-as-stablecoin-buying-power-remains-low?mtm_campaign=API-OFA,0,2025-04-30T01:46:41.729079
Bank of Italy Warns of Crypto Threats to Financial Stability,2025-04-30T00:51:45Z,coincu.com,https://cryptopanic.com/news/21432077/Bank-of-Italy-Warns-of-Crypto-Threats-to-Financial-Stability?mtm_campaign=API-OFA,0,2025-04-30T01:46:41.729079
"Ethereum breaks key technical barriers, poised for potential rally beyond $4,000",2025-04-30T00:40:16Z,cointrackdaily.com,https://cryptopanic.com/news/21432049/Ethereum-breaks-key-technical-barriers-poised-for-potential-rally-beyond-4000?mtm_campaign=API-OFA,0,2025-04-30T01:46:41.729079
Malaysia launches national blockchain platform to accelerate digital economy,2025-04-30T00:30:59Z,cointrackdaily.com,https://cryptopanic.com/news/21432018/Malaysia-launches-national-blockchain-platform-to-accelerate-digital-economy?mtm_campaign=API-OFA,1,2025-04-30T01:46:41.729079
AWS and Microsoft Data Center Pullback Reveals Blockchain’s AI Imperative,2025-04-30T00:26:55Z,beincrypto.com,https://cryptopanic.com/news/21433132/AWS-and-Microsoft-Data-Center-Pullback-Reveals-Blockchains-AI-Imperative?mtm_campaign=API-OFA,0,2025-04-30T01:46:41.729079
Secret Reddit Experiment Using AI Personas Sparks Ethics Scandal in Academia,2025-04-30T00:25:55Z,decrypt.co,https://cryptopanic.com/news/21432012/Secret-Reddit-Experiment-Using-AI-Personas-Sparks-Ethics-Scandal-in-Academia?mtm_campaign=API-OFA,0,2025-04-30T01:46:41.729079
"In 2025 we’ll see the emergence of scalable 1 man digital businesses through AI agents

In 2027 we’ll see the emergence of scalable 1 man physical businesses through robotics",2025-04-30T00:24:08Z,@rewkang,https://cryptopanic.com/news/21432029/In-2025-well-see-the-emergence-of-scalable-1-man-digital-businesses-through-AI-agents-In-2027-well-see-the-emergence-of-scalable-1-man-physical-businesses-through-robotics?mtm_campaign=API-OFA,0,2025-04-30T01:46:41.729079
"Bitcoin Price Poised For Strongest Weekly Gain, Targets This Level",2025-04-30T00:20:00Z,thecoinrepublic.com,https://cryptopanic.com/news/21431997/Bitcoin-Price-Poised-For-Strongest-Weekly-Gain-Targets-This-Level?mtm_campaign=API-OFA,0,2025-04-30T01:46:41.729079
SEC extends review of franklin templeton’s XRP ETF proposal,2025-04-30T00:16:21Z,cointrackdaily.com,https://cryptopanic.com/news/21431912/SEC-extends-review-of-franklin-templetons-XRP-ETF-proposal?mtm_campaign=API-OFA,0,2025-04-30T01:46:41.729079
Here’s a Closer Look at Meta’s New Standalone AI App,2025-04-30T00:01:49Z,decrypt.co,https://cryptopanic.com/news/21431178/Heres-a-Closer-Look-at-Metas-New-Standalone-AI-App?mtm_campaign=API-OFA,0,2025-04-30T01:46:41.729079
Trump media announces cryptocurrency plans with truth digital wallet and utility token,2025-04-30T00:01:27Z,cointrackdaily.com,https://cryptopanic.com/news/21430972/Trump-media-announces-cryptocurrency-plans-with-truth-digital-wallet-and-utility-token?mtm_campaign=API-OFA,0,2025-04-30T01:46:41.729079
SEC Chair on Clear Crypto Regulations: Bullish for Bitcoin!,2025-04-30T00:00:46Z,youtube.com,https://cryptopanic.com/news/21431597/SEC-Chair-on-Clear-Crypto-Regulations-Bullish-for-Bitcoin?mtm_campaign=API-OFA,0,2025-04-30T01:46:41.729079
"Trader Predicts Marketwide Crypto Pullback, Lists Five Altcoins To Watch Along With Downside Price Targets",2025-04-30T00:00:12Z,dailyhodl.com,https://cryptopanic.com/news/21430966/Trader-Predicts-Marketwide-Crypto-Pullback-Lists-Five-Altcoins-To-Watch-Along-With-Downside-Price-Targets?mtm_campaign=API-OFA,0,2025-04-30T01:46:41.729079
Trump Media considers crypto token and wallet for streaming arm,2025-04-29T23:56:16Z,cointelegraph.com,https://cryptopanic.com/news/21430955/Trump-Media-considers-crypto-token-and-wallet-for-streaming-arm?mtm_campaign=API-OFA,0,2025-04-30T01:46:41.729079
"SEC Delays Decision on Grayscale Hedera, Franklin Solana ETFs",2025-04-29T23:52:23Z,coincu.com,https://cryptopanic.com/news/21430948/SEC-Delays-Decision-on-Grayscale-Hedera-Franklin-Solana-ETFs?mtm_campaign=API-OFA,0,2025-04-30T01:46:41.729079
The Intersection Between Sports and Crypto with Nexo’s Dimitar Stalimirov (PBW2025 Interview),2025-04-29T23:45:00Z,cryptopotato.com,https://cryptopanic.com/news/21430930/The-Intersection-Between-Sports-and-Crypto-with-Nexos-Dimitar-Stalimirov-PBW2025-Interview?mtm_campaign=API-OFA,0,2025-04-30T01:46:41.729079
Getting Started with Initia: A New L1 for Appchains,2025-04-29T23:40:40Z,bankless.com,https://cryptopanic.com/news/21430928/Getting-Started-with-Initia-A-New-L1-for-Appchains?mtm_campaign=API-OFA,0,2025-04-30T01:46:41.729079
Trump’s $1 billion Dubai Tower to accept cryptocurrency for condo sales,2025-04-30T01:43:36Z,cryptopolitan.com,https://cryptopanic.com/news/21433172/Trumps-1-billion-Dubai-Tower-to-accept-cryptocurrency-for-condo-sales?mtm_campaign=API-OFA,0,2025-04-30T01:47:34.057273
Solayer Crypto Soars 137% — Hype Justified or Time to Short?,2025-04-30T01:27:23Z,99bitcoins.com,https://cryptopanic.com/news/21433140/Solayer-Crypto-Soars-137-Hype-Justified-or-Time-to-Short?mtm_campaign=API-OFA,0,2025-04-30T01:47:34.057273
Trump Truth Social Platform Considers launching a Crypto Token,2025-04-30T01:24:38Z,99bitcoins.com,https://cryptopanic.com/news/21433139/Trump-Truth-Social-Platform-Considers-launching-a-Crypto-Token?mtm_campaign=API-OFA,0,2025-04-30T01:47:34.057273
Bitcoin’s price spike supported by ETF demand as stablecoin buying power remains low,2025-04-30T01:00:20Z,cryptoslate.com,https://cryptopanic.com/news/21432336/Bitcoins-price-spike-supported-by-ETF-demand-as-stablecoin-buying-power-remains-low?mtm_campaign=API-OFA,0,2025-04-30T01:47:34.057273
Bank of Italy Warns of Crypto Threats to Financial Stability,2025-04-30T00:51:45Z,coincu.com,https://cryptopanic.com/news/21432077/Bank-of-Italy-Warns-of-Crypto-Threats-to-Financial-Stability?mtm_campaign=API-OFA,0,2025-04-30T01:47:34.057273
"Ethereum breaks key technical barriers, poised for potential rally beyond $4,000",2025-04-30T00:40:16Z,cointrackdaily.com,https://cryptopanic.com/news/21432049/Ethereum-breaks-key-technical-barriers-poised-for-potential-rally-beyond-4000?mtm_campaign=API-OFA,0,2025-04-30T01:47:34.057273
Malaysia launches national blockchain platform to accelerate digital economy,2025-04-30T00:30:59Z,cointrackdaily.com,https://cryptopanic.com/news/21432018/Malaysia-launches-national-blockchain-platform-to-accelerate-digital-economy?mtm_campaign=API-OFA,1,2025-04-30T01:47:34.057273
AWS and Microsoft Data Center Pullback Reveals Blockchain’s AI Imperative,2025-04-30T00:26:55Z,beincrypto.com,https://cryptopanic.com/news/21433132/AWS-and-Microsoft-Data-Center-Pullback-Reveals-Blockchains-AI-Imperative?mtm_campaign=API-OFA,0,2025-04-30T01:47:34.057273
Secret Reddit Experiment Using AI Personas Sparks Ethics Scandal in Academia,2025-04-30T00:25:55Z,decrypt.co,https://cryptopanic.com/news/21432012/Secret-Reddit-Experiment-Using-AI-Personas-Sparks-Ethics-Scandal-in-Academia?mtm_campaign=API-OFA,0,2025-04-30T01:47:34.057273
"In 2025 we’ll see the emergence of scalable 1 man digital businesses through AI agents

In 2027 we’ll see the emergence of scalable 1 man physical businesses through robotics",2025-04-30T00:24:08Z,@rewkang,https://cryptopanic.com/news/21432029/In-2025-well-see-the-emergence-of-scalable-1-man-digital-businesses-through-AI-agents-In-2027-well-see-the-emergence-of-scalable-1-man-physical-businesses-through-robotics?mtm_campaign=API-OFA,0,2025-04-30T01:47:34.057273
"Bitcoin Price Poised For Strongest Weekly Gain, Targets This Level",2025-04-30T00:20:00Z,thecoinrepublic.com,https://cryptopanic.com/news/21431997/Bitcoin-Price-Poised-For-Strongest-Weekly-Gain-Targets-This-Level?mtm_campaign=API-OFA,0,2025-04-30T01:47:34.057273
SEC extends review of franklin templeton’s XRP ETF proposal,2025-04-30T00:16:21Z,cointrackdaily.com,https://cryptopanic.com/news/21431912/SEC-extends-review-of-franklin-templetons-XRP-ETF-proposal?mtm_campaign=API-OFA,0,2025-04-30T01:47:34.057273
Here’s a Closer Look at Meta’s New Standalone AI App,2025-04-30T00:01:49Z,decrypt.co,https://cryptopanic.com/news/21431178/Heres-a-Closer-Look-at-Metas-New-Standalone-AI-App?mtm_campaign=API-OFA,0,2025-04-30T01:47:34.057273
Trump media announces cryptocurrency plans with truth digital wallet and utility token,2025-04-30T00:01:27Z,cointrackdaily.com,https://cryptopanic.com/news/21430972/Trump-media-announces-cryptocurrency-plans-with-truth-digital-wallet-and-utility-token?mtm_campaign=API-OFA,0,2025-04-30T01:47:34.057273
SEC Chair on Clear Crypto Regulations: Bullish for Bitcoin!,2025-04-30T00:00:46Z,youtube.com,https://cryptopanic.com/news/21431597/SEC-Chair-on-Clear-Crypto-Regulations-Bullish-for-Bitcoin?mtm_campaign=API-OFA,0,2025-04-30T01:47:34.057273
"Trader Predicts Marketwide Crypto Pullback, Lists Five Altcoins To Watch Along With Downside Price Targets",2025-04-30T00:00:12Z,dailyhodl.com,https://cryptopanic.com/news/21430966/Trader-Predicts-Marketwide-Crypto-Pullback-Lists-Five-Altcoins-To-Watch-Along-With-Downside-Price-Targets?mtm_campaign=API-OFA,0,2025-04-30T01:47:34.057273
Trump Media considers crypto token and wallet for streaming arm,2025-04-29T23:56:16Z,cointelegraph.com,https://cryptopanic.com/news/21430955/Trump-Media-considers-crypto-token-and-wallet-for-streaming-arm?mtm_campaign=API-OFA,0,2025-04-30T01:47:34.057273
"SEC Delays Decision on Grayscale Hedera, Franklin Solana ETFs",2025-04-29T23:52:23Z,coincu.com,https://cryptopanic.com/news/21430948/SEC-Delays-Decision-on-Grayscale-Hedera-Franklin-Solana-ETFs?mtm_campaign=API-OFA,0,2025-04-30T01:47:34.057273
The Intersection Between Sports and Crypto with Nexo’s Dimitar Stalimirov (PBW2025 Interview),2025-04-29T23:45:00Z,cryptopotato.com,https://cryptopanic.com/news/21430930/The-Intersection-Between-Sports-and-Crypto-with-Nexos-Dimitar-Stalimirov-PBW2025-Interview?mtm_campaign=API-OFA,0,2025-04-30T01:47:34.057273
Getting Started with Initia: A New L1 for Appchains,2025-04-29T23:40:40Z,bankless.com,https://cryptopanic.com/news/21430928/Getting-Started-with-Initia-A-New-L1-for-Appchains?mtm_campaign=API-OFA,0,2025-04-30T01:47:34.057273
Crypto today: XRP rallies on ETF buzz and legal hopes as Bitcoin holds $95K,2025-04-30T02:00:17Z,ambcrypto.com,https://cryptopanic.com/news/21433420/Crypto-today-XRP-rallies-on-ETF-buzz-and-legal-hopes-as-Bitcoin-holds-95K?mtm_campaign=API-OFA,0,2025-04-30T02:04:24.626939
Trump’s $1 billion Dubai Tower to accept cryptocurrency for condo sales,2025-04-30T01:43:36Z,cryptopolitan.com,https://cryptopanic.com/news/21433172/Trumps-1-billion-Dubai-Tower-to-accept-cryptocurrency-for-condo-sales?mtm_campaign=API-OFA,0,2025-04-30T02:04:24.626939
Solayer Crypto Soars 137% — Hype Justified or Time to Short?,2025-04-30T01:27:23Z,99bitcoins.com,https://cryptopanic.com/news/21433140/Solayer-Crypto-Soars-137-Hype-Justified-or-Time-to-Short?mtm_campaign=API-OFA,0,2025-04-30T02:04:24.626939
Trump Truth Social Platform Considers launching a Crypto Token,2025-04-30T01:24:38Z,99bitcoins.com,https://cryptopanic.com/news/21433139/Trump-Truth-Social-Platform-Considers-launching-a-Crypto-Token?mtm_campaign=API-OFA,0,2025-04-30T02:04:24.626939
Bitcoin’s price spike supported by ETF demand as stablecoin buying power remains low,2025-04-30T01:00:20Z,cryptoslate.com,https://cryptopanic.com/news/21432336/Bitcoins-price-spike-supported-by-ETF-demand-as-stablecoin-buying-power-remains-low?mtm_campaign=API-OFA,0,2025-04-30T02:04:24.626939
Bank of Italy Warns of Crypto Threats to Financial Stability,2025-04-30T00:51:45Z,coincu.com,https://cryptopanic.com/news/21432077/Bank-of-Italy-Warns-of-Crypto-Threats-to-Financial-Stability?mtm_campaign=API-OFA,0,2025-04-30T02:04:24.626939
"Ethereum breaks key technical barriers, poised for potential rally beyond $4,000",2025-04-30T00:40:16Z,cointrackdaily.com,https://cryptopanic.com/news/21432049/Ethereum-breaks-key-technical-barriers-poised-for-potential-rally-beyond-4000?mtm_campaign=API-OFA,0,2025-04-30T02:04:24.626939
Malaysia launches national blockchain platform to accelerate digital economy,2025-04-30T00:30:59Z,cointrackdaily.com,https://cryptopanic.com/news/21432018/Malaysia-launches-national-blockchain-platform-to-accelerate-digital-economy?mtm_campaign=API-OFA,1,2025-04-30T02:04:24.626939
AWS and Microsoft Data Center Pullback Reveals Blockchain’s AI Imperative,2025-04-30T00:26:55Z,beincrypto.com,https://cryptopanic.com/news/21433132/AWS-and-Microsoft-Data-Center-Pullback-Reveals-Blockchains-AI-Imperative?mtm_campaign=API-OFA,0,2025-04-30T02:04:24.626939
Secret Reddit Experiment Using AI Personas Sparks Ethics Scandal in Academia,2025-04-30T00:25:55Z,decrypt.co,https://cryptopanic.com/news/21432012/Secret-Reddit-Experiment-Using-AI-Personas-Sparks-Ethics-Scandal-in-Academia?mtm_campaign=API-OFA,0,2025-04-30T02:04:24.626939
"In 2025 we’ll see the emergence of scalable 1 man digital businesses through AI agents

In 2027 we’ll see the emergence of scalable 1 man physical businesses through robotics",2025-04-30T00:24:08Z,@rewkang,https://cryptopanic.com/news/21432029/In-2025-well-see-the-emergence-of-scalable-1-man-digital-businesses-through-AI-agents-In-2027-well-see-the-emergence-of-scalable-1-man-physical-businesses-through-robotics?mtm_campaign=API-OFA,0,2025-04-30T02:04:24.626939
"Bitcoin Price Poised For Strongest Weekly Gain, Targets This Level",2025-04-30T00:20:00Z,thecoinrepublic.com,https://cryptopanic.com/news/21431997/Bitcoin-Price-Poised-For-Strongest-Weekly-Gain-Targets-This-Level?mtm_campaign=API-OFA,0,2025-04-30T02:04:24.626939
SEC extends review of franklin templeton’s XRP ETF proposal,2025-04-30T00:16:21Z,cointrackdaily.com,https://cryptopanic.com/news/21431912/SEC-extends-review-of-franklin-templetons-XRP-ETF-proposal?mtm_campaign=API-OFA,0,2025-04-30T02:04:24.626939
Here’s a Closer Look at Meta’s New Standalone AI App,2025-04-30T00:01:49Z,decrypt.co,https://cryptopanic.com/news/21431178/Heres-a-Closer-Look-at-Metas-New-Standalone-AI-App?mtm_campaign=API-OFA,0,2025-04-30T02:04:24.626939
Trump media announces cryptocurrency plans with truth digital wallet and utility token,2025-04-30T00:01:27Z,cointrackdaily.com,https://cryptopanic.com/news/21430972/Trump-media-announces-cryptocurrency-plans-with-truth-digital-wallet-and-utility-token?mtm_campaign=API-OFA,0,2025-04-30T02:04:24.626939
SEC Chair on Clear Crypto Regulations: Bullish for Bitcoin!,2025-04-30T00:00:46Z,youtube.com,https://cryptopanic.com/news/21431597/SEC-Chair-on-Clear-Crypto-Regulations-Bullish-for-Bitcoin?mtm_campaign=API-OFA,0,2025-04-30T02:04:24.626939
"Trader Predicts Marketwide Crypto Pullback, Lists Five Altcoins To Watch Along With Downside Price Targets",2025-04-30T00:00:12Z,dailyhodl.com,https://cryptopanic.com/news/21430966/Trader-Predicts-Marketwide-Crypto-Pullback-Lists-Five-Altcoins-To-Watch-Along-With-Downside-Price-Targets?mtm_campaign=API-OFA,0,2025-04-30T02:04:24.626939
Trump Media considers crypto token and wallet for streaming arm,2025-04-29T23:56:16Z,cointelegraph.com,https://cryptopanic.com/news/21430955/Trump-Media-considers-crypto-token-and-wallet-for-streaming-arm?mtm_campaign=API-OFA,0,2025-04-30T02:04:24.626939
"SEC Delays Decision on Grayscale Hedera, Franklin Solana ETFs",2025-04-29T23:52:23Z,coincu.com,https://cryptopanic.com/news/21430948/SEC-Delays-Decision-on-Grayscale-Hedera-Franklin-Solana-ETFs?mtm_campaign=API-OFA,0,2025-04-30T02:04:24.626939
The Intersection Between Sports and Crypto with Nexo’s Dimitar Stalimirov (PBW2025 Interview),2025-04-29T23:45:00Z,cryptopotato.com,https://cryptopanic.com/news/21430930/The-Intersection-Between-Sports-and-Crypto-with-Nexos-Dimitar-Stalimirov-PBW2025-Interview?mtm_campaign=API-OFA,0,2025-04-30T02:04:24.626939
Crypto today: XRP rallies on ETF buzz and legal hopes as Bitcoin holds $95K,2025-04-30T02:00:17Z,ambcrypto.com,https://cryptopanic.com/news/21433420/Crypto-today-XRP-rallies-on-ETF-buzz-and-legal-hopes-as-Bitcoin-holds-95K?mtm_campaign=API-OFA,0,2025-04-30T02:04:47.210270
Trump’s $1 billion Dubai Tower to accept cryptocurrency for condo sales,2025-04-30T01:43:36Z,cryptopolitan.com,https://cryptopanic.com/news/21433172/Trumps-1-billion-Dubai-Tower-to-accept-cryptocurrency-for-condo-sales?mtm_campaign=API-OFA,0,2025-04-30T02:04:47.210270
Solayer Crypto Soars 137% — Hype Justified or Time to Short?,2025-04-30T01:27:23Z,99bitcoins.com,https://cryptopanic.com/news/21433140/Solayer-Crypto-Soars-137-Hype-Justified-or-Time-to-Short?mtm_campaign=API-OFA,0,2025-04-30T02:04:47.210270
Trump Truth Social Platform Considers launching a Crypto Token,2025-04-30T01:24:38Z,99bitcoins.com,https://cryptopanic.com/news/21433139/Trump-Truth-Social-Platform-Considers-launching-a-Crypto-Token?mtm_campaign=API-OFA,0,2025-04-30T02:04:47.210270
Bitcoin’s price spike supported by ETF demand as stablecoin buying power remains low,2025-04-30T01:00:20Z,cryptoslate.com,https://cryptopanic.com/news/21432336/Bitcoins-price-spike-supported-by-ETF-demand-as-stablecoin-buying-power-remains-low?mtm_campaign=API-OFA,0,2025-04-30T02:04:47.210270
Bank of Italy Warns of Crypto Threats to Financial Stability,2025-04-30T00:51:45Z,coincu.com,https://cryptopanic.com/news/21432077/Bank-of-Italy-Warns-of-Crypto-Threats-to-Financial-Stability?mtm_campaign=API-OFA,0,2025-04-30T02:04:47.210270
"Ethereum breaks key technical barriers, poised for potential rally beyond $4,000",2025-04-30T00:40:16Z,cointrackdaily.com,https://cryptopanic.com/news/21432049/Ethereum-breaks-key-technical-barriers-poised-for-potential-rally-beyond-4000?mtm_campaign=API-OFA,0,2025-04-30T02:04:47.210270
Malaysia launches national blockchain platform to accelerate digital economy,2025-04-30T00:30:59Z,cointrackdaily.com,https://cryptopanic.com/news/21432018/Malaysia-launches-national-blockchain-platform-to-accelerate-digital-economy?mtm_campaign=API-OFA,1,2025-04-30T02:04:47.210270
AWS and Microsoft Data Center Pullback Reveals Blockchain’s AI Imperative,2025-04-30T00:26:55Z,beincrypto.com,https://cryptopanic.com/news/21433132/AWS-and-Microsoft-Data-Center-Pullback-Reveals-Blockchains-AI-Imperative?mtm_campaign=API-OFA,0,2025-04-30T02:04:47.210270
Secret Reddit Experiment Using AI Personas Sparks Ethics Scandal in Academia,2025-04-30T00:25:55Z,decrypt.co,https://cryptopanic.com/news/21432012/Secret-Reddit-Experiment-Using-AI-Personas-Sparks-Ethics-Scandal-in-Academia?mtm_campaign=API-OFA,0,2025-04-30T02:04:47.210270
"In 2025 we’ll see the emergence of scalable 1 man digital businesses through AI agents

In 2027 we’ll see the emergence of scalable 1 man physical businesses through robotics",2025-04-30T00:24:08Z,@rewkang,https://cryptopanic.com/news/21432029/In-2025-well-see-the-emergence-of-scalable-1-man-digital-businesses-through-AI-agents-In-2027-well-see-the-emergence-of-scalable-1-man-physical-businesses-through-robotics?mtm_campaign=API-OFA,0,2025-04-30T02:04:47.210270
"Bitcoin Price Poised For Strongest Weekly Gain, Targets This Level",2025-04-30T00:20:00Z,thecoinrepublic.com,https://cryptopanic.com/news/21431997/Bitcoin-Price-Poised-For-Strongest-Weekly-Gain-Targets-This-Level?mtm_campaign=API-OFA,0,2025-04-30T02:04:47.210270
SEC extends review of franklin templeton’s XRP ETF proposal,2025-04-30T00:16:21Z,cointrackdaily.com,https://cryptopanic.com/news/21431912/SEC-extends-review-of-franklin-templetons-XRP-ETF-proposal?mtm_campaign=API-OFA,0,2025-04-30T02:04:47.210270
Here’s a Closer Look at Meta’s New Standalone AI App,2025-04-30T00:01:49Z,decrypt.co,https://cryptopanic.com/news/21431178/Heres-a-Closer-Look-at-Metas-New-Standalone-AI-App?mtm_campaign=API-OFA,0,2025-04-30T02:04:47.210270
Trump media announces cryptocurrency plans with truth digital wallet and utility token,2025-04-30T00:01:27Z,cointrackdaily.com,https://cryptopanic.com/news/21430972/Trump-media-announces-cryptocurrency-plans-with-truth-digital-wallet-and-utility-token?mtm_campaign=API-OFA,0,2025-04-30T02:04:47.210270
SEC Chair on Clear Crypto Regulations: Bullish for Bitcoin!,2025-04-30T00:00:46Z,youtube.com,https://cryptopanic.com/news/21431597/SEC-Chair-on-Clear-Crypto-Regulations-Bullish-for-Bitcoin?mtm_campaign=API-OFA,0,2025-04-30T02:04:47.210270
"Trader Predicts Marketwide Crypto Pullback, Lists Five Altcoins To Watch Along With Downside Price Targets",2025-04-30T00:00:12Z,dailyhodl.com,https://cryptopanic.com/news/21430966/Trader-Predicts-Marketwide-Crypto-Pullback-Lists-Five-Altcoins-To-Watch-Along-With-Downside-Price-Targets?mtm_campaign=API-OFA,0,2025-04-30T02:04:47.210270
Trump Media considers crypto token and wallet for streaming arm,2025-04-29T23:56:16Z,cointelegraph.com,https://cryptopanic.com/news/21430955/Trump-Media-considers-crypto-token-and-wallet-for-streaming-arm?mtm_campaign=API-OFA,0,2025-04-30T02:04:47.210270
"SEC Delays Decision on Grayscale Hedera, Franklin Solana ETFs",2025-04-29T23:52:23Z,coincu.com,https://cryptopanic.com/news/21430948/SEC-Delays-Decision-on-Grayscale-Hedera-Franklin-Solana-ETFs?mtm_campaign=API-OFA,0,2025-04-30T02:04:47.210270
The Intersection Between Sports and Crypto with Nexo’s Dimitar Stalimirov (PBW2025 Interview),2025-04-29T23:45:00Z,cryptopotato.com,https://cryptopanic.com/news/21430930/The-Intersection-Between-Sports-and-Crypto-with-Nexos-Dimitar-Stalimirov-PBW2025-Interview?mtm_campaign=API-OFA,0,2025-04-30T02:04:47.210270
Australia’s finance watchdog to crack down on dormant crypto exchanges,2025-04-30T02:24:37Z,cointelegraph.com,https://cryptopanic.com/news/21434070/Australias-finance-watchdog-to-crack-down-on-dormant-crypto-exchanges?mtm_campaign=API-OFA,0,2025-04-30T02:31:47.607687
Russian Anti-Money Laundering Agency Targets Illegal Crypto Mining,2025-04-30T02:22:22Z,coincu.com,https://cryptopanic.com/news/21434069/Russian-Anti-Money-Laundering-Agency-Targets-Illegal-Crypto-Mining?mtm_campaign=API-OFA,0,2025-04-30T02:31:47.607687
Here is Why Bitcoin Could Surprise Investors This Month,2025-04-30T02:22:00Z,coindoo.com,https://cryptopanic.com/news/21434068/Here-is-Why-Bitcoin-Could-Surprise-Investors-This-Month?mtm_campaign=API-OFA,0,2025-04-30T02:31:47.607687
"New Bitcoin-Focused Firm Plans $200M Investment, Targeting Institutional Gap",2025-04-30T02:12:01Z,coindoo.com,https://cryptopanic.com/news/21433912/New-Bitcoin-Focused-Firm-Plans-200M-Investment-Targeting-Institutional-Gap?mtm_campaign=API-OFA,0,2025-04-30T02:31:47.607687
"Bitcoin, Ethereum Flat, Dogecoin Dips Amid Trade Deal Hopes: Analyst Says BTC Price 'Holding Strong' And Setup Clean For Push To $98,300",2025-04-30T02:06:45Z,feeds2.benzinga.com,https://cryptopanic.com/news/21434067/Bitcoin-Ethereum-Flat-Dogecoin-Dips-Amid-Trade-Deal-Hopes-Analyst-Says-BTC-Price-Holding-Strong-And-Setup-Clean-For-Push-To-98300?mtm_campaign=API-OFA,0,2025-04-30T02:31:47.607687
"Ethereum ‘Hot Capital’ Sharp Rebound, Impact On ETH Price",2025-04-30T02:05:00Z,thecoinrepublic.com,https://cryptopanic.com/news/21433681/Ethereum-Hot-Capital-Sharp-Rebound-Impact-On-ETH-Price?mtm_campaign=API-OFA,1,2025-04-30T02:31:47.607687
Crypto today: XRP rallies on ETF buzz and legal hopes as Bitcoin holds $95K,2025-04-30T02:00:17Z,ambcrypto.com,https://cryptopanic.com/news/21433420/Crypto-today-XRP-rallies-on-ETF-buzz-and-legal-hopes-as-Bitcoin-holds-95K?mtm_campaign=API-OFA,0,2025-04-30T02:31:47.607687
Bitcoin Will Overtake The Magnificent 7: MicroStrategy's Insane BTC Buy!,2025-04-30T02:00:16Z,youtube.com,https://cryptopanic.com/news/21434052/Bitcoin-Will-Overtake-The-Magnificent-7-MicroStrategys-Insane-BTC-Buy?mtm_campaign=API-OFA,0,2025-04-30T02:31:47.607687
Trump’s $1 billion Dubai Tower to accept cryptocurrency for condo sales,2025-04-30T01:43:36Z,cryptopolitan.com,https://cryptopanic.com/news/21433172/Trumps-1-billion-Dubai-Tower-to-accept-cryptocurrency-for-condo-sales?mtm_campaign=API-OFA,0,2025-04-30T02:31:47.607687
Solayer Crypto Soars 137% — Hype Justified or Time to Short?,2025-04-30T01:27:23Z,99bitcoins.com,https://cryptopanic.com/news/21433140/Solayer-Crypto-Soars-137-Hype-Justified-or-Time-to-Short?mtm_campaign=API-OFA,0,2025-04-30T02:31:47.607687
Trump Truth Social Platform Considers launching a Crypto Token,2025-04-30T01:24:38Z,99bitcoins.com,https://cryptopanic.com/news/21433139/Trump-Truth-Social-Platform-Considers-launching-a-Crypto-Token?mtm_campaign=API-OFA,0,2025-04-30T02:31:47.607687
Trump Media announces new token launch and native crypto wallet in latest Shareholder letter,2025-04-30T01:07:58Z,fxstreet.com,https://cryptopanic.com/news/21434072/Trump-Media-announces-new-token-launch-and-native-crypto-wallet-in-latest-Shareholder-letter?mtm_campaign=API-OFA,0,2025-04-30T02:31:47.607687
Bitcoin’s price spike supported by ETF demand as stablecoin buying power remains low,2025-04-30T01:00:20Z,cryptoslate.com,https://cryptopanic.com/news/21432336/Bitcoins-price-spike-supported-by-ETF-demand-as-stablecoin-buying-power-remains-low?mtm_campaign=API-OFA,0,2025-04-30T02:31:47.607687
Bank of Italy Warns of Crypto Threats to Financial Stability,2025-04-30T00:51:45Z,coincu.com,https://cryptopanic.com/news/21432077/Bank-of-Italy-Warns-of-Crypto-Threats-to-Financial-Stability?mtm_campaign=API-OFA,0,2025-04-30T02:31:47.607687
"Ethereum breaks key technical barriers, poised for potential rally beyond $4,000",2025-04-30T00:40:16Z,cointrackdaily.com,https://cryptopanic.com/news/21432049/Ethereum-breaks-key-technical-barriers-poised-for-potential-rally-beyond-4000?mtm_campaign=API-OFA,0,2025-04-30T02:31:47.607687
Malaysia launches national blockchain platform to accelerate digital economy,2025-04-30T00:30:59Z,cointrackdaily.com,https://cryptopanic.com/news/21432018/Malaysia-launches-national-blockchain-platform-to-accelerate-digital-economy?mtm_campaign=API-OFA,1,2025-04-30T02:31:47.607687
AWS and Microsoft Data Center Pullback Reveals Blockchain’s AI Imperative,2025-04-30T00:26:55Z,beincrypto.com,https://cryptopanic.com/news/21433132/AWS-and-Microsoft-Data-Center-Pullback-Reveals-Blockchains-AI-Imperative?mtm_campaign=API-OFA,0,2025-04-30T02:31:47.607687
Secret Reddit Experiment Using AI Personas Sparks Ethics Scandal in Academia,2025-04-30T00:25:55Z,decrypt.co,https://cryptopanic.com/news/21432012/Secret-Reddit-Experiment-Using-AI-Personas-Sparks-Ethics-Scandal-in-Academia?mtm_campaign=API-OFA,0,2025-04-30T02:31:47.607687
"In 2025 we’ll see the emergence of scalable 1 man digital businesses through AI agents

In 2027 we’ll see the emergence of scalable 1 man physical businesses through robotics",2025-04-30T00:24:08Z,@rewkang,https://cryptopanic.com/news/21432029/In-2025-well-see-the-emergence-of-scalable-1-man-digital-businesses-through-AI-agents-In-2027-well-see-the-emergence-of-scalable-1-man-physical-businesses-through-robotics?mtm_campaign=API-OFA,0,2025-04-30T02:31:47.607687
"Bitcoin Price Poised For Strongest Weekly Gain, Targets This Level",2025-04-30T00:20:00Z,thecoinrepublic.com,https://cryptopanic.com/news/21431997/Bitcoin-Price-Poised-For-Strongest-Weekly-Gain-Targets-This-Level?mtm_campaign=API-OFA,0,2025-04-30T02:31:47.607687
Anonymous Traders Score Big on This Crypto as Solana Memecoins Surge,2025-04-30T04:30:03Z,coindoo.com,https://cryptopanic.com/news/21435872/Anonymous-Traders-Score-Big-on-This-Crypto-as-Solana-Memecoins-Surge?mtm_campaign=API-OFA,0,2025-04-30T04:34:20.898699
New Cboe Bitcoin Futures (XBTF) Offer More Flexibility for Crypto Traders,2025-04-30T04:27:48Z,coinpedia.org,https://cryptopanic.com/news/21435870/New-Cboe-Bitcoin-Futures-XBTF-Offer-More-Flexibility-for-Crypto-Traders?mtm_campaign=API-OFA,0,2025-04-30T04:34:20.898699
Binance and Solv Protocol Launch BTC Staking Integration,2025-04-30T04:22:19Z,coincu.com,https://cryptopanic.com/news/21435867/Binance-and-Solv-Protocol-Launch-BTC-Staking-Integration?mtm_campaign=API-OFA,0,2025-04-30T04:34:20.898699
"Ethereum Rollup Scroll Now Lets Users Exit Independently, Becoming 'First' to Hit Decentralization Milestone",2025-04-30T04:22:11Z,decrypt.co,https://cryptopanic.com/news/21435866/Ethereum-Rollup-Scroll-Now-Lets-Users-Exit-Independently-Becoming-First-to-Hit-Decentralization-Milestone?mtm_campaign=API-OFA,1,2025-04-30T04:34:20.898699
Tesla becomes the first Mag 7 stock to ever reclaim 200-day average,2025-04-30T04:20:06Z,cryptopolitan.com,https://cryptopanic.com/news/21435878/Tesla-becomes-the-first-Mag-7-stock-to-ever-reclaim-200-day-average?mtm_campaign=API-OFA,0,2025-04-30T04:34:20.898699
US Senate Eyes Pre-Memorial Day Vote on Stablecoin Law: Report,2025-04-30T04:17:54Z,cryptonews.com,https://cryptopanic.com/news/21435856/US-Senate-Eyes-Pre-Memorial-Day-Vote-on-Stablecoin-Law-Report?mtm_campaign=API-OFA,0,2025-04-30T04:34:20.898699
"US Treasury’s OFAC can’t restore Tornado Cash sanctions, judge rules",2025-04-30T04:14:54Z,cointelegraph.com,https://cryptopanic.com/news/21435855/US-Treasurys-OFAC-cant-restore-Tornado-Cash-sanctions-judge-rules?mtm_campaign=API-OFA,0,2025-04-30T04:34:20.898699
SEC Slows Crypto ETF Momentum With New Round of Delays,2025-04-30T04:12:19Z,coindoo.com,https://cryptopanic.com/news/21435677/SEC-Slows-Crypto-ETF-Momentum-With-New-Round-of-Delays?mtm_campaign=API-OFA,0,2025-04-30T04:34:20.898699
"Bitcoin breaks through $95K barrier, enters consolidation phase",2025-04-30T04:09:14Z,cointrackdaily.com,https://cryptopanic.com/news/21435500/Bitcoin-breaks-through-95K-barrier-enters-consolidation-phase?mtm_campaign=API-OFA,0,2025-04-30T04:34:20.898699
Ripple News: SEC’s Paul Atkins Could Still Object ProShares’ XRP ETF Filing,2025-04-30T04:08:46Z,coinpedia.org,https://cryptopanic.com/news/21435501/Ripple-News-SECs-Paul-Atkins-Could-Still-Object-ProShares-XRP-ETF-Filing?mtm_campaign=API-OFA,0,2025-04-30T04:34:20.898699
"PayPal cleared in SEC probe over PYUSD stablecoin, but regulatory uncertainty looms",2025-04-30T04:05:04Z,cointrackdaily.com,https://cryptopanic.com/news/21435335/PayPal-cleared-in-SEC-probe-over-PYUSD-stablecoin-but-regulatory-uncertainty-looms?mtm_campaign=API-OFA,0,2025-04-30T04:34:20.898699
Dogecoin Heading Toward $1? Analyst Predicts Breakout For Meme Coin On Weekly Chart,2025-04-30T04:02:57Z,feeds2.benzinga.com,https://cryptopanic.com/news/21435854/Dogecoin-Heading-Toward-1-Analyst-Predicts-Breakout-For-Meme-Coin-On-Weekly-Chart?mtm_campaign=API-OFA,0,2025-04-30T04:34:20.898699
"Despite Elon Musk’s DOGE efforts, government spending actually went up after Trump won",2025-04-30T04:02:33Z,cryptopolitan.com,https://cryptopanic.com/news/21435390/Despite-Elon-Musks-DOGE-efforts-government-spending-actually-went-up-after-Trump-won?mtm_campaign=API-OFA,0,2025-04-30T04:34:20.898699
UK treasury unveils draft crypto regulations to balance innovation and investor protection,2025-04-30T04:01:38Z,cointrackdaily.com,https://cryptopanic.com/news/21435037/UK-treasury-unveils-draft-crypto-regulations-to-balance-innovation-and-investor-protection?mtm_campaign=API-OFA,0,2025-04-30T04:34:20.898699
Analysts Suggest Bitcoin Could Be on the Verge of Another Bull Run,2025-04-30T04:00:34Z,coindoo.com,https://cryptopanic.com/news/21434985/Analysts-Suggest-Bitcoin-Could-Be-on-the-Verge-of-Another-Bull-Run?mtm_campaign=API-OFA,0,2025-04-30T04:34:20.898699
Ray Dalio warns: Global order set to collapse! Will Bitcoin benefit?,2025-04-30T04:00:21Z,ambcrypto.com,https://cryptopanic.com/news/21435166/Ray-Dalio-warns-Global-order-set-to-collapse-Will-Bitcoin-benefit?mtm_campaign=API-OFA,0,2025-04-30T04:34:20.898699
"SEC Puts XRP ETF Decision on Hold, Ripple Settlement Could Decide What’s Next",2025-04-30T03:58:46Z,coinpedia.org,https://cryptopanic.com/news/21435040/SEC-Puts-XRP-ETF-Decision-on-Hold-Ripple-Settlement-Could-Decide-Whats-Next?mtm_campaign=API-OFA,0,2025-04-30T04:34:20.898699
SEC Ends Investigation into PayPal's PYUSD Stablecoin,2025-04-30T03:52:41Z,coincu.com,https://cryptopanic.com/news/21434979/SEC-Ends-Investigation-into-PayPals-PYUSD-Stablecoin?mtm_campaign=API-OFA,0,2025-04-30T04:34:20.898699
"ProShares sets a launch date for futures-based XRP ETF, clarifying misleading reports",2025-04-30T03:50:04Z,cryptopolitan.com,https://cryptopanic.com/news/21434987/ProShares-sets-a-launch-date-for-futures-based-XRP-ETF-clarifying-misleading-reports?mtm_campaign=API-OFA,0,2025-04-30T04:34:20.898699
Strategy’s Bitcoin buys should be ‘super careless’ to pump price — Exec,2025-04-30T03:48:59Z,cointelegraph.com,https://cryptopanic.com/news/21434967/Strategys-Bitcoin-buys-should-be-super-careless-to-pump-price-Exec?mtm_campaign=API-OFA,0,2025-04-30T04:34:20.898699
Anonymous Traders Score Big on This Crypto as Solana Memecoins Surge,2025-04-30T04:30:03Z,coindoo.com,https://cryptopanic.com/news/21435872/Anonymous-Traders-Score-Big-on-This-Crypto-as-Solana-Memecoins-Surge?mtm_campaign=API-OFA,0,2025-04-30T04:37:00.440728
New Cboe Bitcoin Futures (XBTF) Offer More Flexibility for Crypto Traders,2025-04-30T04:27:48Z,coinpedia.org,https://cryptopanic.com/news/21435870/New-Cboe-Bitcoin-Futures-XBTF-Offer-More-Flexibility-for-Crypto-Traders?mtm_campaign=API-OFA,0,2025-04-30T04:37:00.440728
Binance and Solv Protocol Launch BTC Staking Integration,2025-04-30T04:22:19Z,coincu.com,https://cryptopanic.com/news/21435867/Binance-and-Solv-Protocol-Launch-BTC-Staking-Integration?mtm_campaign=API-OFA,0,2025-04-30T04:37:00.440728
"Ethereum Rollup Scroll Now Lets Users Exit Independently, Becoming 'First' to Hit Decentralization Milestone",2025-04-30T04:22:11Z,decrypt.co,https://cryptopanic.com/news/21435866/Ethereum-Rollup-Scroll-Now-Lets-Users-Exit-Independently-Becoming-First-to-Hit-Decentralization-Milestone?mtm_campaign=API-OFA,1,2025-04-30T04:37:00.440728
Tesla becomes the first Mag 7 stock to ever reclaim 200-day average,2025-04-30T04:20:06Z,cryptopolitan.com,https://cryptopanic.com/news/21435878/Tesla-becomes-the-first-Mag-7-stock-to-ever-reclaim-200-day-average?mtm_campaign=API-OFA,0,2025-04-30T04:37:00.440728
US Senate Eyes Pre-Memorial Day Vote on Stablecoin Law: Report,2025-04-30T04:17:54Z,cryptonews.com,https://cryptopanic.com/news/21435856/US-Senate-Eyes-Pre-Memorial-Day-Vote-on-Stablecoin-Law-Report?mtm_campaign=API-OFA,0,2025-04-30T04:37:00.440728
"US Treasury’s OFAC can’t restore Tornado Cash sanctions, judge rules",2025-04-30T04:14:54Z,cointelegraph.com,https://cryptopanic.com/news/21435855/US-Treasurys-OFAC-cant-restore-Tornado-Cash-sanctions-judge-rules?mtm_campaign=API-OFA,0,2025-04-30T04:37:00.440728
SEC Slows Crypto ETF Momentum With New Round of Delays,2025-04-30T04:12:19Z,coindoo.com,https://cryptopanic.com/news/21435677/SEC-Slows-Crypto-ETF-Momentum-With-New-Round-of-Delays?mtm_campaign=API-OFA,0,2025-04-30T04:37:00.440728
"Bitcoin breaks through $95K barrier, enters consolidation phase",2025-04-30T04:09:14Z,cointrackdaily.com,https://cryptopanic.com/news/21435500/Bitcoin-breaks-through-95K-barrier-enters-consolidation-phase?mtm_campaign=API-OFA,0,2025-04-30T04:37:00.440728
Ripple News: SEC’s Paul Atkins Could Still Object ProShares’ XRP ETF Filing,2025-04-30T04:08:46Z,coinpedia.org,https://cryptopanic.com/news/21435501/Ripple-News-SECs-Paul-Atkins-Could-Still-Object-ProShares-XRP-ETF-Filing?mtm_campaign=API-OFA,0,2025-04-30T04:37:00.440728
"PayPal cleared in SEC probe over PYUSD stablecoin, but regulatory uncertainty looms",2025-04-30T04:05:04Z,cointrackdaily.com,https://cryptopanic.com/news/21435335/PayPal-cleared-in-SEC-probe-over-PYUSD-stablecoin-but-regulatory-uncertainty-looms?mtm_campaign=API-OFA,0,2025-04-30T04:37:00.440728
Dogecoin Heading Toward $1? Analyst Predicts Breakout For Meme Coin On Weekly Chart,2025-04-30T04:02:57Z,feeds2.benzinga.com,https://cryptopanic.com/news/21435854/Dogecoin-Heading-Toward-1-Analyst-Predicts-Breakout-For-Meme-Coin-On-Weekly-Chart?mtm_campaign=API-OFA,0,2025-04-30T04:37:00.440728
"Despite Elon Musk’s DOGE efforts, government spending actually went up after Trump won",2025-04-30T04:02:33Z,cryptopolitan.com,https://cryptopanic.com/news/21435390/Despite-Elon-Musks-DOGE-efforts-government-spending-actually-went-up-after-Trump-won?mtm_campaign=API-OFA,0,2025-04-30T04:37:00.440728
UK treasury unveils draft crypto regulations to balance innovation and investor protection,2025-04-30T04:01:38Z,cointrackdaily.com,https://cryptopanic.com/news/21435037/UK-treasury-unveils-draft-crypto-regulations-to-balance-innovation-and-investor-protection?mtm_campaign=API-OFA,0,2025-04-30T04:37:00.440728
Analysts Suggest Bitcoin Could Be on the Verge of Another Bull Run,2025-04-30T04:00:34Z,coindoo.com,https://cryptopanic.com/news/21434985/Analysts-Suggest-Bitcoin-Could-Be-on-the-Verge-of-Another-Bull-Run?mtm_campaign=API-OFA,0,2025-04-30T04:37:00.440728
Ray Dalio warns: Global order set to collapse! Will Bitcoin benefit?,2025-04-30T04:00:21Z,ambcrypto.com,https://cryptopanic.com/news/21435166/Ray-Dalio-warns-Global-order-set-to-collapse-Will-Bitcoin-benefit?mtm_campaign=API-OFA,0,2025-04-30T04:37:00.440728
"SEC Puts XRP ETF Decision on Hold, Ripple Settlement Could Decide What’s Next",2025-04-30T03:58:46Z,coinpedia.org,https://cryptopanic.com/news/21435040/SEC-Puts-XRP-ETF-Decision-on-Hold-Ripple-Settlement-Could-Decide-Whats-Next?mtm_campaign=API-OFA,0,2025-04-30T04:37:00.440728
SEC Ends Investigation into PayPal's PYUSD Stablecoin,2025-04-30T03:52:41Z,coincu.com,https://cryptopanic.com/news/21434979/SEC-Ends-Investigation-into-PayPals-PYUSD-Stablecoin?mtm_campaign=API-OFA,0,2025-04-30T04:37:00.440728
"ProShares sets a launch date for futures-based XRP ETF, clarifying misleading reports",2025-04-30T03:50:04Z,cryptopolitan.com,https://cryptopanic.com/news/21434987/ProShares-sets-a-launch-date-for-futures-based-XRP-ETF-clarifying-misleading-reports?mtm_campaign=API-OFA,0,2025-04-30T04:37:00.440728
Strategy’s Bitcoin buys should be ‘super careless’ to pump price — Exec,2025-04-30T03:48:59Z,cointelegraph.com,https://cryptopanic.com/news/21434967/Strategys-Bitcoin-buys-should-be-super-careless-to-pump-price-Exec?mtm_campaign=API-OFA,0,2025-04-30T04:37:00.440728
Anonymous Traders Score Big on This Crypto as Solana Memecoins Surge,2025-04-30T04:30:03Z,coindoo.com,https://cryptopanic.com/news/21435872/Anonymous-Traders-Score-Big-on-This-Crypto-as-Solana-Memecoins-Surge?mtm_campaign=API-OFA,0,2025-04-30T04:37:14.258187
New Cboe Bitcoin Futures (XBTF) Offer More Flexibility for Crypto Traders,2025-04-30T04:27:48Z,coinpedia.org,https://cryptopanic.com/news/21435870/New-Cboe-Bitcoin-Futures-XBTF-Offer-More-Flexibility-for-Crypto-Traders?mtm_campaign=API-OFA,0,2025-04-30T04:37:14.258187
Binance and Solv Protocol Launch BTC Staking Integration,2025-04-30T04:22:19Z,coincu.com,https://cryptopanic.com/news/21435867/Binance-and-Solv-Protocol-Launch-BTC-Staking-Integration?mtm_campaign=API-OFA,0,2025-04-30T04:37:14.258187
"Ethereum Rollup Scroll Now Lets Users Exit Independently, Becoming 'First' to Hit Decentralization Milestone",2025-04-30T04:22:11Z,decrypt.co,https://cryptopanic.com/news/21435866/Ethereum-Rollup-Scroll-Now-Lets-Users-Exit-Independently-Becoming-First-to-Hit-Decentralization-Milestone?mtm_campaign=API-OFA,1,2025-04-30T04:37:14.258187
Tesla becomes the first Mag 7 stock to ever reclaim 200-day average,2025-04-30T04:20:06Z,cryptopolitan.com,https://cryptopanic.com/news/21435878/Tesla-becomes-the-first-Mag-7-stock-to-ever-reclaim-200-day-average?mtm_campaign=API-OFA,0,2025-04-30T04:37:14.258187
US Senate Eyes Pre-Memorial Day Vote on Stablecoin Law: Report,2025-04-30T04:17:54Z,cryptonews.com,https://cryptopanic.com/news/21435856/US-Senate-Eyes-Pre-Memorial-Day-Vote-on-Stablecoin-Law-Report?mtm_campaign=API-OFA,0,2025-04-30T04:37:14.258187
"US Treasury’s OFAC can’t restore Tornado Cash sanctions, judge rules",2025-04-30T04:14:54Z,cointelegraph.com,https://cryptopanic.com/news/21435855/US-Treasurys-OFAC-cant-restore-Tornado-Cash-sanctions-judge-rules?mtm_campaign=API-OFA,0,2025-04-30T04:37:14.258187
SEC Slows Crypto ETF Momentum With New Round of Delays,2025-04-30T04:12:19Z,coindoo.com,https://cryptopanic.com/news/21435677/SEC-Slows-Crypto-ETF-Momentum-With-New-Round-of-Delays?mtm_campaign=API-OFA,0,2025-04-30T04:37:14.258187
"Bitcoin breaks through $95K barrier, enters consolidation phase",2025-04-30T04:09:14Z,cointrackdaily.com,https://cryptopanic.com/news/21435500/Bitcoin-breaks-through-95K-barrier-enters-consolidation-phase?mtm_campaign=API-OFA,0,2025-04-30T04:37:14.258187
Ripple News: SEC’s Paul Atkins Could Still Object ProShares’ XRP ETF Filing,2025-04-30T04:08:46Z,coinpedia.org,https://cryptopanic.com/news/21435501/Ripple-News-SECs-Paul-Atkins-Could-Still-Object-ProShares-XRP-ETF-Filing?mtm_campaign=API-OFA,0,2025-04-30T04:37:14.258187
"PayPal cleared in SEC probe over PYUSD stablecoin, but regulatory uncertainty looms",2025-04-30T04:05:04Z,cointrackdaily.com,https://cryptopanic.com/news/21435335/PayPal-cleared-in-SEC-probe-over-PYUSD-stablecoin-but-regulatory-uncertainty-looms?mtm_campaign=API-OFA,0,2025-04-30T04:37:14.258187
Dogecoin Heading Toward $1? Analyst Predicts Breakout For Meme Coin On Weekly Chart,2025-04-30T04:02:57Z,feeds2.benzinga.com,https://cryptopanic.com/news/21435854/Dogecoin-Heading-Toward-1-Analyst-Predicts-Breakout-For-Meme-Coin-On-Weekly-Chart?mtm_campaign=API-OFA,0,2025-04-30T04:37:14.258187
"Despite Elon Musk’s DOGE efforts, government spending actually went up after Trump won",2025-04-30T04:02:33Z,cryptopolitan.com,https://cryptopanic.com/news/21435390/Despite-Elon-Musks-DOGE-efforts-government-spending-actually-went-up-after-Trump-won?mtm_campaign=API-OFA,0,2025-04-30T04:37:14.258187
UK treasury unveils draft crypto regulations to balance innovation and investor protection,2025-04-30T04:01:38Z,cointrackdaily.com,https://cryptopanic.com/news/21435037/UK-treasury-unveils-draft-crypto-regulations-to-balance-innovation-and-investor-protection?mtm_campaign=API-OFA,0,2025-04-30T04:37:14.258187
Analysts Suggest Bitcoin Could Be on the Verge of Another Bull Run,2025-04-30T04:00:34Z,coindoo.com,https://cryptopanic.com/news/21434985/Analysts-Suggest-Bitcoin-Could-Be-on-the-Verge-of-Another-Bull-Run?mtm_campaign=API-OFA,0,2025-04-30T04:37:14.258187
Ray Dalio warns: Global order set to collapse! Will Bitcoin benefit?,2025-04-30T04:00:21Z,ambcrypto.com,https://cryptopanic.com/news/21435166/Ray-Dalio-warns-Global-order-set-to-collapse-Will-Bitcoin-benefit?mtm_campaign=API-OFA,0,2025-04-30T04:37:14.258187
"SEC Puts XRP ETF Decision on Hold, Ripple Settlement Could Decide What’s Next",2025-04-30T03:58:46Z,coinpedia.org,https://cryptopanic.com/news/21435040/SEC-Puts-XRP-ETF-Decision-on-Hold-Ripple-Settlement-Could-Decide-Whats-Next?mtm_campaign=API-OFA,0,2025-04-30T04:37:14.258187
SEC Ends Investigation into PayPal's PYUSD Stablecoin,2025-04-30T03:52:41Z,coincu.com,https://cryptopanic.com/news/21434979/SEC-Ends-Investigation-into-PayPals-PYUSD-Stablecoin?mtm_campaign=API-OFA,0,2025-04-30T04:37:14.258187
"ProShares sets a launch date for futures-based XRP ETF, clarifying misleading reports",2025-04-30T03:50:04Z,cryptopolitan.com,https://cryptopanic.com/news/21434987/ProShares-sets-a-launch-date-for-futures-based-XRP-ETF-clarifying-misleading-reports?mtm_campaign=API-OFA,0,2025-04-30T04:37:14.258187
Strategy’s Bitcoin buys should be ‘super careless’ to pump price — Exec,2025-04-30T03:48:59Z,cointelegraph.com,https://cryptopanic.com/news/21434967/Strategys-Bitcoin-buys-should-be-super-careless-to-pump-price-Exec?mtm_campaign=API-OFA,0,2025-04-30T04:37:14.258187
Anonymous Traders Score Big on This Crypto as Solana Memecoins Surge,2025-04-30T04:30:03Z,coindoo.com,https://cryptopanic.com/news/21435872/Anonymous-Traders-Score-Big-on-This-Crypto-as-Solana-Memecoins-Surge?mtm_campaign=API-OFA,0,2025-04-30T04:44:54.581926
New Cboe Bitcoin Futures (XBTF) Offer More Flexibility for Crypto Traders,2025-04-30T04:27:48Z,coinpedia.org,https://cryptopanic.com/news/21435870/New-Cboe-Bitcoin-Futures-XBTF-Offer-More-Flexibility-for-Crypto-Traders?mtm_campaign=API-OFA,0,2025-04-30T04:44:54.581926
Binance and Solv Protocol Launch BTC Staking Integration,2025-04-30T04:22:19Z,coincu.com,https://cryptopanic.com/news/21435867/Binance-and-Solv-Protocol-Launch-BTC-Staking-Integration?mtm_campaign=API-OFA,0,2025-04-30T04:44:54.581926
"Ethereum Rollup Scroll Now Lets Users Exit Independently, Becoming 'First' to Hit Decentralization Milestone",2025-04-30T04:22:11Z,decrypt.co,https://cryptopanic.com/news/21435866/Ethereum-Rollup-Scroll-Now-Lets-Users-Exit-Independently-Becoming-First-to-Hit-Decentralization-Milestone?mtm_campaign=API-OFA,1,2025-04-30T04:44:54.581926
Tesla becomes the first Mag 7 stock to ever reclaim 200-day average,2025-04-30T04:20:06Z,cryptopolitan.com,https://cryptopanic.com/news/21435878/Tesla-becomes-the-first-Mag-7-stock-to-ever-reclaim-200-day-average?mtm_campaign=API-OFA,0,2025-04-30T04:44:54.581926
US Senate Eyes Pre-Memorial Day Vote on Stablecoin Law: Report,2025-04-30T04:17:54Z,cryptonews.com,https://cryptopanic.com/news/21435856/US-Senate-Eyes-Pre-Memorial-Day-Vote-on-Stablecoin-Law-Report?mtm_campaign=API-OFA,0,2025-04-30T04:44:54.581926
"US Treasury’s OFAC can’t restore Tornado Cash sanctions, judge rules",2025-04-30T04:14:54Z,cointelegraph.com,https://cryptopanic.com/news/21435855/US-Treasurys-OFAC-cant-restore-Tornado-Cash-sanctions-judge-rules?mtm_campaign=API-OFA,0,2025-04-30T04:44:54.581926
SEC Slows Crypto ETF Momentum With New Round of Delays,2025-04-30T04:12:19Z,coindoo.com,https://cryptopanic.com/news/21435677/SEC-Slows-Crypto-ETF-Momentum-With-New-Round-of-Delays?mtm_campaign=API-OFA,0,2025-04-30T04:44:54.581926
"Bitcoin breaks through $95K barrier, enters consolidation phase",2025-04-30T04:09:14Z,cointrackdaily.com,https://cryptopanic.com/news/21435500/Bitcoin-breaks-through-95K-barrier-enters-consolidation-phase?mtm_campaign=API-OFA,0,2025-04-30T04:44:54.581926
Ripple News: SEC’s Paul Atkins Could Still Object ProShares’ XRP ETF Filing,2025-04-30T04:08:46Z,coinpedia.org,https://cryptopanic.com/news/21435501/Ripple-News-SECs-Paul-Atkins-Could-Still-Object-ProShares-XRP-ETF-Filing?mtm_campaign=API-OFA,0,2025-04-30T04:44:54.581926
"PayPal cleared in SEC probe over PYUSD stablecoin, but regulatory uncertainty looms",2025-04-30T04:05:04Z,cointrackdaily.com,https://cryptopanic.com/news/21435335/PayPal-cleared-in-SEC-probe-over-PYUSD-stablecoin-but-regulatory-uncertainty-looms?mtm_campaign=API-OFA,0,2025-04-30T04:44:54.581926
Dogecoin Heading Toward $1? Analyst Predicts Breakout For Meme Coin On Weekly Chart,2025-04-30T04:02:57Z,feeds2.benzinga.com,https://cryptopanic.com/news/21435854/Dogecoin-Heading-Toward-1-Analyst-Predicts-Breakout-For-Meme-Coin-On-Weekly-Chart?mtm_campaign=API-OFA,0,2025-04-30T04:44:54.581926
"Despite Elon Musk’s DOGE efforts, government spending actually went up after Trump won",2025-04-30T04:02:33Z,cryptopolitan.com,https://cryptopanic.com/news/21435390/Despite-Elon-Musks-DOGE-efforts-government-spending-actually-went-up-after-Trump-won?mtm_campaign=API-OFA,0,2025-04-30T04:44:54.581926
UK treasury unveils draft crypto regulations to balance innovation and investor protection,2025-04-30T04:01:38Z,cointrackdaily.com,https://cryptopanic.com/news/21435037/UK-treasury-unveils-draft-crypto-regulations-to-balance-innovation-and-investor-protection?mtm_campaign=API-OFA,0,2025-04-30T04:44:54.581926
Analysts Suggest Bitcoin Could Be on the Verge of Another Bull Run,2025-04-30T04:00:34Z,coindoo.com,https://cryptopanic.com/news/21434985/Analysts-Suggest-Bitcoin-Could-Be-on-the-Verge-of-Another-Bull-Run?mtm_campaign=API-OFA,0,2025-04-30T04:44:54.581926
Ray Dalio warns: Global order set to collapse! Will Bitcoin benefit?,2025-04-30T04:00:21Z,ambcrypto.com,https://cryptopanic.com/news/21435166/Ray-Dalio-warns-Global-order-set-to-collapse-Will-Bitcoin-benefit?mtm_campaign=API-OFA,0,2025-04-30T04:44:54.581926
"SEC Puts XRP ETF Decision on Hold, Ripple Settlement Could Decide What’s Next",2025-04-30T03:58:46Z,coinpedia.org,https://cryptopanic.com/news/21435040/SEC-Puts-XRP-ETF-Decision-on-Hold-Ripple-Settlement-Could-Decide-Whats-Next?mtm_campaign=API-OFA,0,2025-04-30T04:44:54.581926
SEC Ends Investigation into PayPal's PYUSD Stablecoin,2025-04-30T03:52:41Z,coincu.com,https://cryptopanic.com/news/21434979/SEC-Ends-Investigation-into-PayPals-PYUSD-Stablecoin?mtm_campaign=API-OFA,0,2025-04-30T04:44:54.581926
"ProShares sets a launch date for futures-based XRP ETF, clarifying misleading reports",2025-04-30T03:50:04Z,cryptopolitan.com,https://cryptopanic.com/news/21434987/ProShares-sets-a-launch-date-for-futures-based-XRP-ETF-clarifying-misleading-reports?mtm_campaign=API-OFA,0,2025-04-30T04:44:54.581926
Strategy’s Bitcoin buys should be ‘super careless’ to pump price — Exec,2025-04-30T03:48:59Z,cointelegraph.com,https://cryptopanic.com/news/21434967/Strategys-Bitcoin-buys-should-be-super-careless-to-pump-price-Exec?mtm_campaign=API-OFA,0,2025-04-30T04:44:54.581926
Anonymous Traders Score Big on This Crypto as Solana Memecoins Surge,2025-04-30T04:30:03Z,coindoo.com,https://cryptopanic.com/news/21435872/Anonymous-Traders-Score-Big-on-This-Crypto-as-Solana-Memecoins-Surge?mtm_campaign=API-OFA,0,2025-04-30T04:45:23.923712
New Cboe Bitcoin Futures (XBTF) Offer More Flexibility for Crypto Traders,2025-04-30T04:27:48Z,coinpedia.org,https://cryptopanic.com/news/21435870/New-Cboe-Bitcoin-Futures-XBTF-Offer-More-Flexibility-for-Crypto-Traders?mtm_campaign=API-OFA,0,2025-04-30T04:45:23.923712
Binance and Solv Protocol Launch BTC Staking Integration,2025-04-30T04:22:19Z,coincu.com,https://cryptopanic.com/news/21435867/Binance-and-Solv-Protocol-Launch-BTC-Staking-Integration?mtm_campaign=API-OFA,0,2025-04-30T04:45:23.923712
"Ethereum Rollup Scroll Now Lets Users Exit Independently, Becoming 'First' to Hit Decentralization Milestone",2025-04-30T04:22:11Z,decrypt.co,https://cryptopanic.com/news/21435866/Ethereum-Rollup-Scroll-Now-Lets-Users-Exit-Independently-Becoming-First-to-Hit-Decentralization-Milestone?mtm_campaign=API-OFA,1,2025-04-30T04:45:23.923712
Tesla becomes the first Mag 7 stock to ever reclaim 200-day average,2025-04-30T04:20:06Z,cryptopolitan.com,https://cryptopanic.com/news/21435878/Tesla-becomes-the-first-Mag-7-stock-to-ever-reclaim-200-day-average?mtm_campaign=API-OFA,0,2025-04-30T04:45:23.923712
US Senate Eyes Pre-Memorial Day Vote on Stablecoin Law: Report,2025-04-30T04:17:54Z,cryptonews.com,https://cryptopanic.com/news/21435856/US-Senate-Eyes-Pre-Memorial-Day-Vote-on-Stablecoin-Law-Report?mtm_campaign=API-OFA,0,2025-04-30T04:45:23.923712
"US Treasury’s OFAC can’t restore Tornado Cash sanctions, judge rules",2025-04-30T04:14:54Z,cointelegraph.com,https://cryptopanic.com/news/21435855/US-Treasurys-OFAC-cant-restore-Tornado-Cash-sanctions-judge-rules?mtm_campaign=API-OFA,0,2025-04-30T04:45:23.923712
SEC Slows Crypto ETF Momentum With New Round of Delays,2025-04-30T04:12:19Z,coindoo.com,https://cryptopanic.com/news/21435677/SEC-Slows-Crypto-ETF-Momentum-With-New-Round-of-Delays?mtm_campaign=API-OFA,0,2025-04-30T04:45:23.923712
"Bitcoin breaks through $95K barrier, enters consolidation phase",2025-04-30T04:09:14Z,cointrackdaily.com,https://cryptopanic.com/news/21435500/Bitcoin-breaks-through-95K-barrier-enters-consolidation-phase?mtm_campaign=API-OFA,0,2025-04-30T04:45:23.923712
Ripple News: SEC’s Paul Atkins Could Still Object ProShares’ XRP ETF Filing,2025-04-30T04:08:46Z,coinpedia.org,https://cryptopanic.com/news/21435501/Ripple-News-SECs-Paul-Atkins-Could-Still-Object-ProShares-XRP-ETF-Filing?mtm_campaign=API-OFA,0,2025-04-30T04:45:23.923712
"PayPal cleared in SEC probe over PYUSD stablecoin, but regulatory uncertainty looms",2025-04-30T04:05:04Z,cointrackdaily.com,https://cryptopanic.com/news/21435335/PayPal-cleared-in-SEC-probe-over-PYUSD-stablecoin-but-regulatory-uncertainty-looms?mtm_campaign=API-OFA,0,2025-04-30T04:45:23.923712
Dogecoin Heading Toward $1? Analyst Predicts Breakout For Meme Coin On Weekly Chart,2025-04-30T04:02:57Z,feeds2.benzinga.com,https://cryptopanic.com/news/21435854/Dogecoin-Heading-Toward-1-Analyst-Predicts-Breakout-For-Meme-Coin-On-Weekly-Chart?mtm_campaign=API-OFA,0,2025-04-30T04:45:23.923712
"Despite Elon Musk’s DOGE efforts, government spending actually went up after Trump won",2025-04-30T04:02:33Z,cryptopolitan.com,https://cryptopanic.com/news/21435390/Despite-Elon-Musks-DOGE-efforts-government-spending-actually-went-up-after-Trump-won?mtm_campaign=API-OFA,0,2025-04-30T04:45:23.923712
UK treasury unveils draft crypto regulations to balance innovation and investor protection,2025-04-30T04:01:38Z,cointrackdaily.com,https://cryptopanic.com/news/21435037/UK-treasury-unveils-draft-crypto-regulations-to-balance-innovation-and-investor-protection?mtm_campaign=API-OFA,0,2025-04-30T04:45:23.923712
Analysts Suggest Bitcoin Could Be on the Verge of Another Bull Run,2025-04-30T04:00:34Z,coindoo.com,https://cryptopanic.com/news/21434985/Analysts-Suggest-Bitcoin-Could-Be-on-the-Verge-of-Another-Bull-Run?mtm_campaign=API-OFA,0,2025-04-30T04:45:23.923712
Ray Dalio warns: Global order set to collapse! Will Bitcoin benefit?,2025-04-30T04:00:21Z,ambcrypto.com,https://cryptopanic.com/news/21435166/Ray-Dalio-warns-Global-order-set-to-collapse-Will-Bitcoin-benefit?mtm_campaign=API-OFA,0,2025-04-30T04:45:23.923712
"SEC Puts XRP ETF Decision on Hold, Ripple Settlement Could Decide What’s Next",2025-04-30T03:58:46Z,coinpedia.org,https://cryptopanic.com/news/21435040/SEC-Puts-XRP-ETF-Decision-on-Hold-Ripple-Settlement-Could-Decide-Whats-Next?mtm_campaign=API-OFA,0,2025-04-30T04:45:23.923712
SEC Ends Investigation into PayPal's PYUSD Stablecoin,2025-04-30T03:52:41Z,coincu.com,https://cryptopanic.com/news/21434979/SEC-Ends-Investigation-into-PayPals-PYUSD-Stablecoin?mtm_campaign=API-OFA,0,2025-04-30T04:45:23.923712
"ProShares sets a launch date for futures-based XRP ETF, clarifying misleading reports",2025-04-30T03:50:04Z,cryptopolitan.com,https://cryptopanic.com/news/21434987/ProShares-sets-a-launch-date-for-futures-based-XRP-ETF-clarifying-misleading-reports?mtm_campaign=API-OFA,0,2025-04-30T04:45:23.923712
Strategy’s Bitcoin buys should be ‘super careless’ to pump price — Exec,2025-04-30T03:48:59Z,cointelegraph.com,https://cryptopanic.com/news/21434967/Strategys-Bitcoin-buys-should-be-super-careless-to-pump-price-Exec?mtm_campaign=API-OFA,0,2025-04-30T04:45:23.923712
"Bitcoin ""Space Race"": Reports Challenge Alleged Claims by Trump Executive",2025-04-30T04:51:53Z,coincu.com,https://cryptopanic.com/news/21435926/Bitcoin-Space-Race-Reports-Challenge-Alleged-Claims-by-Trump-Executive?mtm_campaign=API-OFA,0,2025-04-30T04:53:50.121715
Anonymous Traders Score Big on This Crypto as Solana Memecoins Surge,2025-04-30T04:30:03Z,coindoo.com,https://cryptopanic.com/news/21435872/Anonymous-Traders-Score-Big-on-This-Crypto-as-Solana-Memecoins-Surge?mtm_campaign=API-OFA,0,2025-04-30T04:53:50.121715
New Cboe Bitcoin Futures (XBTF) Offer More Flexibility for Crypto Traders,2025-04-30T04:27:48Z,coinpedia.org,https://cryptopanic.com/news/21435870/New-Cboe-Bitcoin-Futures-XBTF-Offer-More-Flexibility-for-Crypto-Traders?mtm_campaign=API-OFA,0,2025-04-30T04:53:50.121715
Binance and Solv Protocol Launch BTC Staking Integration,2025-04-30T04:22:19Z,coincu.com,https://cryptopanic.com/news/21435867/Binance-and-Solv-Protocol-Launch-BTC-Staking-Integration?mtm_campaign=API-OFA,0,2025-04-30T04:53:50.121715
"Ethereum Rollup Scroll Now Lets Users Exit Independently, Becoming 'First' to Hit Decentralization Milestone",2025-04-30T04:22:11Z,decrypt.co,https://cryptopanic.com/news/21435866/Ethereum-Rollup-Scroll-Now-Lets-Users-Exit-Independently-Becoming-First-to-Hit-Decentralization-Milestone?mtm_campaign=API-OFA,1,2025-04-30T04:53:50.121715
Tesla becomes the first Mag 7 stock to ever reclaim 200-day average,2025-04-30T04:20:06Z,cryptopolitan.com,https://cryptopanic.com/news/21435878/Tesla-becomes-the-first-Mag-7-stock-to-ever-reclaim-200-day-average?mtm_campaign=API-OFA,0,2025-04-30T04:53:50.121715
US Senate Eyes Pre-Memorial Day Vote on Stablecoin Law: Report,2025-04-30T04:17:54Z,cryptonews.com,https://cryptopanic.com/news/21435856/US-Senate-Eyes-Pre-Memorial-Day-Vote-on-Stablecoin-Law-Report?mtm_campaign=API-OFA,0,2025-04-30T04:53:50.121715
"US Treasury’s OFAC can’t restore Tornado Cash sanctions, judge rules",2025-04-30T04:14:54Z,cointelegraph.com,https://cryptopanic.com/news/21435855/US-Treasurys-OFAC-cant-restore-Tornado-Cash-sanctions-judge-rules?mtm_campaign=API-OFA,0,2025-04-30T04:53:50.121715
SEC Slows Crypto ETF Momentum With New Round of Delays,2025-04-30T04:12:19Z,coindoo.com,https://cryptopanic.com/news/21435677/SEC-Slows-Crypto-ETF-Momentum-With-New-Round-of-Delays?mtm_campaign=API-OFA,0,2025-04-30T04:53:50.121715
"Bitcoin breaks through $95K barrier, enters consolidation phase",2025-04-30T04:09:14Z,cointrackdaily.com,https://cryptopanic.com/news/21435500/Bitcoin-breaks-through-95K-barrier-enters-consolidation-phase?mtm_campaign=API-OFA,0,2025-04-30T04:53:50.121715
Ripple News: SEC’s Paul Atkins Could Still Object ProShares’ XRP ETF Filing,2025-04-30T04:08:46Z,coinpedia.org,https://cryptopanic.com/news/21435501/Ripple-News-SECs-Paul-Atkins-Could-Still-Object-ProShares-XRP-ETF-Filing?mtm_campaign=API-OFA,0,2025-04-30T04:53:50.121715
"PayPal cleared in SEC probe over PYUSD stablecoin, but regulatory uncertainty looms",2025-04-30T04:05:04Z,cointrackdaily.com,https://cryptopanic.com/news/21435335/PayPal-cleared-in-SEC-probe-over-PYUSD-stablecoin-but-regulatory-uncertainty-looms?mtm_campaign=API-OFA,0,2025-04-30T04:53:50.121715
Dogecoin Heading Toward $1? Analyst Predicts Breakout For Meme Coin On Weekly Chart,2025-04-30T04:02:57Z,feeds2.benzinga.com,https://cryptopanic.com/news/21435854/Dogecoin-Heading-Toward-1-Analyst-Predicts-Breakout-For-Meme-Coin-On-Weekly-Chart?mtm_campaign=API-OFA,0,2025-04-30T04:53:50.121715
"Despite Elon Musk’s DOGE efforts, government spending actually went up after Trump won",2025-04-30T04:02:33Z,cryptopolitan.com,https://cryptopanic.com/news/21435390/Despite-Elon-Musks-DOGE-efforts-government-spending-actually-went-up-after-Trump-won?mtm_campaign=API-OFA,0,2025-04-30T04:53:50.121715
UK treasury unveils draft crypto regulations to balance innovation and investor protection,2025-04-30T04:01:38Z,cointrackdaily.com,https://cryptopanic.com/news/21435037/UK-treasury-unveils-draft-crypto-regulations-to-balance-innovation-and-investor-protection?mtm_campaign=API-OFA,0,2025-04-30T04:53:50.121715
Analysts Suggest Bitcoin Could Be on the Verge of Another Bull Run,2025-04-30T04:00:34Z,coindoo.com,https://cryptopanic.com/news/21434985/Analysts-Suggest-Bitcoin-Could-Be-on-the-Verge-of-Another-Bull-Run?mtm_campaign=API-OFA,0,2025-04-30T04:53:50.121715
Ray Dalio warns: Global order set to collapse! Will Bitcoin benefit?,2025-04-30T04:00:21Z,ambcrypto.com,https://cryptopanic.com/news/21435166/Ray-Dalio-warns-Global-order-set-to-collapse-Will-Bitcoin-benefit?mtm_campaign=API-OFA,0,2025-04-30T04:53:50.121715
"SEC Puts XRP ETF Decision on Hold, Ripple Settlement Could Decide What’s Next",2025-04-30T03:58:46Z,coinpedia.org,https://cryptopanic.com/news/21435040/SEC-Puts-XRP-ETF-Decision-on-Hold-Ripple-Settlement-Could-Decide-Whats-Next?mtm_campaign=API-OFA,0,2025-04-30T04:53:50.121715
SEC Ends Investigation into PayPal's PYUSD Stablecoin,2025-04-30T03:52:41Z,coincu.com,https://cryptopanic.com/news/21434979/SEC-Ends-Investigation-into-PayPals-PYUSD-Stablecoin?mtm_campaign=API-OFA,0,2025-04-30T04:53:50.121715
"ProShares sets a launch date for futures-based XRP ETF, clarifying misleading reports",2025-04-30T03:50:04Z,cryptopolitan.com,https://cryptopanic.com/news/21434987/ProShares-sets-a-launch-date-for-futures-based-XRP-ETF-clarifying-misleading-reports?mtm_campaign=API-OFA,0,2025-04-30T04:53:50.121715
"Cardano’s reality check – $10 price target too far, but is $1 within reach right now?",2025-04-30T05:00:20Z,ambcrypto.com,https://cryptopanic.com/news/21436110/Cardanos-reality-check-10-price-target-too-far-but-is-1-within-reach-right-now?mtm_campaign=API-OFA,0,2025-04-30T05:05:00.012560
"Bitcoin ""Space Race"": Reports Challenge Alleged Claims by Trump Executive",2025-04-30T04:51:53Z,coincu.com,https://cryptopanic.com/news/21435926/Bitcoin-Space-Race-Reports-Challenge-Alleged-Claims-by-Trump-Executive?mtm_campaign=API-OFA,0,2025-04-30T05:05:00.012560
Anonymous Traders Score Big on This Crypto as Solana Memecoins Surge,2025-04-30T04:30:03Z,coindoo.com,https://cryptopanic.com/news/21435872/Anonymous-Traders-Score-Big-on-This-Crypto-as-Solana-Memecoins-Surge?mtm_campaign=API-OFA,0,2025-04-30T05:05:00.012560
New Cboe Bitcoin Futures (XBTF) Offer More Flexibility for Crypto Traders,2025-04-30T04:27:48Z,coinpedia.org,https://cryptopanic.com/news/21435870/New-Cboe-Bitcoin-Futures-XBTF-Offer-More-Flexibility-for-Crypto-Traders?mtm_campaign=API-OFA,0,2025-04-30T05:05:00.012560
Binance and Solv Protocol Launch BTC Staking Integration,2025-04-30T04:22:19Z,coincu.com,https://cryptopanic.com/news/21435867/Binance-and-Solv-Protocol-Launch-BTC-Staking-Integration?mtm_campaign=API-OFA,0,2025-04-30T05:05:00.012560
"Ethereum Rollup Scroll Now Lets Users Exit Independently, Becoming 'First' to Hit Decentralization Milestone",2025-04-30T04:22:11Z,decrypt.co,https://cryptopanic.com/news/21435866/Ethereum-Rollup-Scroll-Now-Lets-Users-Exit-Independently-Becoming-First-to-Hit-Decentralization-Milestone?mtm_campaign=API-OFA,1,2025-04-30T05:05:00.012560
Tesla becomes the first Mag 7 stock to ever reclaim 200-day average,2025-04-30T04:20:06Z,cryptopolitan.com,https://cryptopanic.com/news/21435878/Tesla-becomes-the-first-Mag-7-stock-to-ever-reclaim-200-day-average?mtm_campaign=API-OFA,0,2025-04-30T05:05:00.012560
US Senate Eyes Pre-Memorial Day Vote on Stablecoin Law: Report,2025-04-30T04:17:54Z,cryptonews.com,https://cryptopanic.com/news/21435856/US-Senate-Eyes-Pre-Memorial-Day-Vote-on-Stablecoin-Law-Report?mtm_campaign=API-OFA,0,2025-04-30T05:05:00.012560
"US Treasury’s OFAC can’t restore Tornado Cash sanctions, judge rules",2025-04-30T04:14:54Z,cointelegraph.com,https://cryptopanic.com/news/21435855/US-Treasurys-OFAC-cant-restore-Tornado-Cash-sanctions-judge-rules?mtm_campaign=API-OFA,0,2025-04-30T05:05:00.012560
SEC Slows Crypto ETF Momentum With New Round of Delays,2025-04-30T04:12:19Z,coindoo.com,https://cryptopanic.com/news/21435677/SEC-Slows-Crypto-ETF-Momentum-With-New-Round-of-Delays?mtm_campaign=API-OFA,0,2025-04-30T05:05:00.012560
"Bitcoin breaks through $95K barrier, enters consolidation phase",2025-04-30T04:09:14Z,cointrackdaily.com,https://cryptopanic.com/news/21435500/Bitcoin-breaks-through-95K-barrier-enters-consolidation-phase?mtm_campaign=API-OFA,0,2025-04-30T05:05:00.012560
Ripple News: SEC’s Paul Atkins Could Still Object ProShares’ XRP ETF Filing,2025-04-30T04:08:46Z,coinpedia.org,https://cryptopanic.com/news/21435501/Ripple-News-SECs-Paul-Atkins-Could-Still-Object-ProShares-XRP-ETF-Filing?mtm_campaign=API-OFA,0,2025-04-30T05:05:00.012560
"PayPal cleared in SEC probe over PYUSD stablecoin, but regulatory uncertainty looms",2025-04-30T04:05:04Z,cointrackdaily.com,https://cryptopanic.com/news/21435335/PayPal-cleared-in-SEC-probe-over-PYUSD-stablecoin-but-regulatory-uncertainty-looms?mtm_campaign=API-OFA,0,2025-04-30T05:05:00.012560
Dogecoin Heading Toward $1? Analyst Predicts Breakout For Meme Coin On Weekly Chart,2025-04-30T04:02:57Z,feeds2.benzinga.com,https://cryptopanic.com/news/21435854/Dogecoin-Heading-Toward-1-Analyst-Predicts-Breakout-For-Meme-Coin-On-Weekly-Chart?mtm_campaign=API-OFA,0,2025-04-30T05:05:00.012560
"Despite Elon Musk’s DOGE efforts, government spending actually went up after Trump won",2025-04-30T04:02:33Z,cryptopolitan.com,https://cryptopanic.com/news/21435390/Despite-Elon-Musks-DOGE-efforts-government-spending-actually-went-up-after-Trump-won?mtm_campaign=API-OFA,0,2025-04-30T05:05:00.012560
UK treasury unveils draft crypto regulations to balance innovation and investor protection,2025-04-30T04:01:38Z,cointrackdaily.com,https://cryptopanic.com/news/21435037/UK-treasury-unveils-draft-crypto-regulations-to-balance-innovation-and-investor-protection?mtm_campaign=API-OFA,0,2025-04-30T05:05:00.012560
Analysts Suggest Bitcoin Could Be on the Verge of Another Bull Run,2025-04-30T04:00:34Z,coindoo.com,https://cryptopanic.com/news/21434985/Analysts-Suggest-Bitcoin-Could-Be-on-the-Verge-of-Another-Bull-Run?mtm_campaign=API-OFA,0,2025-04-30T05:05:00.012560
Ray Dalio warns: Global order set to collapse! Will Bitcoin benefit?,2025-04-30T04:00:21Z,ambcrypto.com,https://cryptopanic.com/news/21435166/Ray-Dalio-warns-Global-order-set-to-collapse-Will-Bitcoin-benefit?mtm_campaign=API-OFA,0,2025-04-30T05:05:00.012560
"SEC Puts XRP ETF Decision on Hold, Ripple Settlement Could Decide What’s Next",2025-04-30T03:58:46Z,coinpedia.org,https://cryptopanic.com/news/21435040/SEC-Puts-XRP-ETF-Decision-on-Hold-Ripple-Settlement-Could-Decide-Whats-Next?mtm_campaign=API-OFA,0,2025-04-30T05:05:00.012560
SEC Ends Investigation into PayPal's PYUSD Stablecoin,2025-04-30T03:52:41Z,coincu.com,https://cryptopanic.com/news/21434979/SEC-Ends-Investigation-into-PayPals-PYUSD-Stablecoin?mtm_campaign=API-OFA,0,2025-04-30T05:05:00.012560
Italy Flags Trump-Fueled Crypto Surge as Potential Threat to Financial System,2025-04-30T05:06:57Z,cryptonews.com,https://cryptopanic.com/news/21436365/Italy-Flags-Trump-Fueled-Crypto-Surge-as-Potential-Threat-to-Financial-System?mtm_campaign=API-OFA,0,2025-04-30T05:19:46.822056
"Nuclear-Armed India, Pakistan Heading For Conflict Again? Polymarket Bettors Think Yes Amid Pak Minister's 'Imminent' Attack Remark",2025-04-30T05:00:33Z,feeds2.benzinga.com,https://cryptopanic.com/news/21436696/Nuclear-Armed-India-Pakistan-Heading-For-Conflict-Again-Polymarket-Bettors-Think-Yes-Amid-Pak-Ministers-Imminent-Attack-Remark?mtm_campaign=API-OFA,0,2025-04-30T05:19:46.822056
"Cardano’s reality check – $10 price target too far, but is $1 within reach right now?",2025-04-30T05:00:20Z,ambcrypto.com,https://cryptopanic.com/news/21436110/Cardanos-reality-check-10-price-target-too-far-but-is-1-within-reach-right-now?mtm_campaign=API-OFA,0,2025-04-30T05:19:46.822056
"Bitcoin ""Space Race"": Reports Challenge Alleged Claims by Trump Executive",2025-04-30T04:51:53Z,coincu.com,https://cryptopanic.com/news/21435926/Bitcoin-Space-Race-Reports-Challenge-Alleged-Claims-by-Trump-Executive?mtm_campaign=API-OFA,0,2025-04-30T05:19:46.822056
Anonymous Traders Score Big on This Crypto as Solana Memecoins Surge,2025-04-30T04:30:03Z,coindoo.com,https://cryptopanic.com/news/21435872/Anonymous-Traders-Score-Big-on-This-Crypto-as-Solana-Memecoins-Surge?mtm_campaign=API-OFA,0,2025-04-30T05:19:46.822056
New Cboe Bitcoin Futures (XBTF) Offer More Flexibility for Crypto Traders,2025-04-30T04:27:48Z,coinpedia.org,https://cryptopanic.com/news/21435870/New-Cboe-Bitcoin-Futures-XBTF-Offer-More-Flexibility-for-Crypto-Traders?mtm_campaign=API-OFA,0,2025-04-30T05:19:46.822056
Binance and Solv Protocol Launch BTC Staking Integration,2025-04-30T04:22:19Z,coincu.com,https://cryptopanic.com/news/21435867/Binance-and-Solv-Protocol-Launch-BTC-Staking-Integration?mtm_campaign=API-OFA,0,2025-04-30T05:19:46.822056
"Ethereum Rollup Scroll Now Lets Users Exit Independently, Becoming 'First' to Hit Decentralization Milestone",2025-04-30T04:22:11Z,decrypt.co,https://cryptopanic.com/news/21435866/Ethereum-Rollup-Scroll-Now-Lets-Users-Exit-Independently-Becoming-First-to-Hit-Decentralization-Milestone?mtm_campaign=API-OFA,1,2025-04-30T05:19:46.822056
Tesla becomes the first Mag 7 stock to ever reclaim 200-day average,2025-04-30T04:20:06Z,cryptopolitan.com,https://cryptopanic.com/news/21435878/Tesla-becomes-the-first-Mag-7-stock-to-ever-reclaim-200-day-average?mtm_campaign=API-OFA,0,2025-04-30T05:19:46.823057
US Senate Eyes Pre-Memorial Day Vote on Stablecoin Law: Report,2025-04-30T04:17:54Z,cryptonews.com,https://cryptopanic.com/news/21435856/US-Senate-Eyes-Pre-Memorial-Day-Vote-on-Stablecoin-Law-Report?mtm_campaign=API-OFA,0,2025-04-30T05:19:46.823057
"US Treasury’s OFAC can’t restore Tornado Cash sanctions, judge rules",2025-04-30T04:14:54Z,cointelegraph.com,https://cryptopanic.com/news/21435855/US-Treasurys-OFAC-cant-restore-Tornado-Cash-sanctions-judge-rules?mtm_campaign=API-OFA,0,2025-04-30T05:19:46.823057
SEC Slows Crypto ETF Momentum With New Round of Delays,2025-04-30T04:12:19Z,coindoo.com,https://cryptopanic.com/news/21435677/SEC-Slows-Crypto-ETF-Momentum-With-New-Round-of-Delays?mtm_campaign=API-OFA,0,2025-04-30T05:19:46.823057
Tether mints 3 billion USDT on Ethereum and TRON as markets stabilize,2025-04-30T04:10:55Z,fxstreet.com,https://cryptopanic.com/news/21436497/Tether-mints-3-billion-USDT-on-Ethereum-and-TRON-as-markets-stabilize?mtm_campaign=API-OFA,0,2025-04-30T05:19:46.823057
"Bitcoin breaks through $95K barrier, enters consolidation phase",2025-04-30T04:09:14Z,cointrackdaily.com,https://cryptopanic.com/news/21435500/Bitcoin-breaks-through-95K-barrier-enters-consolidation-phase?mtm_campaign=API-OFA,0,2025-04-30T05:19:46.823057
Ripple News: SEC’s Paul Atkins Could Still Object ProShares’ XRP ETF Filing,2025-04-30T04:08:46Z,coinpedia.org,https://cryptopanic.com/news/21435501/Ripple-News-SECs-Paul-Atkins-Could-Still-Object-ProShares-XRP-ETF-Filing?mtm_campaign=API-OFA,0,2025-04-30T05:19:46.823057
"PayPal cleared in SEC probe over PYUSD stablecoin, but regulatory uncertainty looms",2025-04-30T04:05:04Z,cointrackdaily.com,https://cryptopanic.com/news/21435335/PayPal-cleared-in-SEC-probe-over-PYUSD-stablecoin-but-regulatory-uncertainty-looms?mtm_campaign=API-OFA,0,2025-04-30T05:19:46.823057
Dogecoin Heading Toward $1? Analyst Predicts Breakout For Meme Coin On Weekly Chart,2025-04-30T04:02:57Z,feeds2.benzinga.com,https://cryptopanic.com/news/21435854/Dogecoin-Heading-Toward-1-Analyst-Predicts-Breakout-For-Meme-Coin-On-Weekly-Chart?mtm_campaign=API-OFA,0,2025-04-30T05:19:46.823057
"Despite Elon Musk’s DOGE efforts, government spending actually went up after Trump won",2025-04-30T04:02:33Z,cryptopolitan.com,https://cryptopanic.com/news/21435390/Despite-Elon-Musks-DOGE-efforts-government-spending-actually-went-up-after-Trump-won?mtm_campaign=API-OFA,0,2025-04-30T05:19:46.823057
UK treasury unveils draft crypto regulations to balance innovation and investor protection,2025-04-30T04:01:38Z,cointrackdaily.com,https://cryptopanic.com/news/21435037/UK-treasury-unveils-draft-crypto-regulations-to-balance-innovation-and-investor-protection?mtm_campaign=API-OFA,0,2025-04-30T05:19:46.823057
Analysts Suggest Bitcoin Could Be on the Verge of Another Bull Run,2025-04-30T04:00:34Z,coindoo.com,https://cryptopanic.com/news/21434985/Analysts-Suggest-Bitcoin-Could-Be-on-the-Verge-of-Another-Bull-Run?mtm_campaign=API-OFA,0,2025-04-30T05:19:46.823057
Italy Flags Trump-Fueled Crypto Surge as Potential Threat to Financial System,2025-04-30T05:06:57Z,cryptonews.com,https://cryptopanic.com/news/21436365/Italy-Flags-Trump-Fueled-Crypto-Surge-as-Potential-Threat-to-Financial-System?mtm_campaign=API-OFA,0,2025-04-30T05:20:24.394297
"Nuclear-Armed India, Pakistan Heading For Conflict Again? Polymarket Bettors Think Yes Amid Pak Minister's 'Imminent' Attack Remark",2025-04-30T05:00:33Z,feeds2.benzinga.com,https://cryptopanic.com/news/21436696/Nuclear-Armed-India-Pakistan-Heading-For-Conflict-Again-Polymarket-Bettors-Think-Yes-Amid-Pak-Ministers-Imminent-Attack-Remark?mtm_campaign=API-OFA,0,2025-04-30T05:20:24.394297
"Cardano’s reality check – $10 price target too far, but is $1 within reach right now?",2025-04-30T05:00:20Z,ambcrypto.com,https://cryptopanic.com/news/21436110/Cardanos-reality-check-10-price-target-too-far-but-is-1-within-reach-right-now?mtm_campaign=API-OFA,0,2025-04-30T05:20:24.394297
"Bitcoin ""Space Race"": Reports Challenge Alleged Claims by Trump Executive",2025-04-30T04:51:53Z,coincu.com,https://cryptopanic.com/news/21435926/Bitcoin-Space-Race-Reports-Challenge-Alleged-Claims-by-Trump-Executive?mtm_campaign=API-OFA,0,2025-04-30T05:20:24.394297
Anonymous Traders Score Big on This Crypto as Solana Memecoins Surge,2025-04-30T04:30:03Z,coindoo.com,https://cryptopanic.com/news/21435872/Anonymous-Traders-Score-Big-on-This-Crypto-as-Solana-Memecoins-Surge?mtm_campaign=API-OFA,0,2025-04-30T05:20:24.394297
New Cboe Bitcoin Futures (XBTF) Offer More Flexibility for Crypto Traders,2025-04-30T04:27:48Z,coinpedia.org,https://cryptopanic.com/news/21435870/New-Cboe-Bitcoin-Futures-XBTF-Offer-More-Flexibility-for-Crypto-Traders?mtm_campaign=API-OFA,0,2025-04-30T05:20:24.394297
Binance and Solv Protocol Launch BTC Staking Integration,2025-04-30T04:22:19Z,coincu.com,https://cryptopanic.com/news/21435867/Binance-and-Solv-Protocol-Launch-BTC-Staking-Integration?mtm_campaign=API-OFA,0,2025-04-30T05:20:24.394297
"Ethereum Rollup Scroll Now Lets Users Exit Independently, Becoming 'First' to Hit Decentralization Milestone",2025-04-30T04:22:11Z,decrypt.co,https://cryptopanic.com/news/21435866/Ethereum-Rollup-Scroll-Now-Lets-Users-Exit-Independently-Becoming-First-to-Hit-Decentralization-Milestone?mtm_campaign=API-OFA,1,2025-04-30T05:20:24.394297
Tesla becomes the first Mag 7 stock to ever reclaim 200-day average,2025-04-30T04:20:06Z,cryptopolitan.com,https://cryptopanic.com/news/21435878/Tesla-becomes-the-first-Mag-7-stock-to-ever-reclaim-200-day-average?mtm_campaign=API-OFA,0,2025-04-30T05:20:24.394297
US Senate Eyes Pre-Memorial Day Vote on Stablecoin Law: Report,2025-04-30T04:17:54Z,cryptonews.com,https://cryptopanic.com/news/21435856/US-Senate-Eyes-Pre-Memorial-Day-Vote-on-Stablecoin-Law-Report?mtm_campaign=API-OFA,0,2025-04-30T05:20:24.394297
"US Treasury’s OFAC can’t restore Tornado Cash sanctions, judge rules",2025-04-30T04:14:54Z,cointelegraph.com,https://cryptopanic.com/news/21435855/US-Treasurys-OFAC-cant-restore-Tornado-Cash-sanctions-judge-rules?mtm_campaign=API-OFA,0,2025-04-30T05:20:24.394297
SEC Slows Crypto ETF Momentum With New Round of Delays,2025-04-30T04:12:19Z,coindoo.com,https://cryptopanic.com/news/21435677/SEC-Slows-Crypto-ETF-Momentum-With-New-Round-of-Delays?mtm_campaign=API-OFA,0,2025-04-30T05:20:24.394297
Tether mints 3 billion USDT on Ethereum and TRON as markets stabilize,2025-04-30T04:10:55Z,fxstreet.com,https://cryptopanic.com/news/21436497/Tether-mints-3-billion-USDT-on-Ethereum-and-TRON-as-markets-stabilize?mtm_campaign=API-OFA,0,2025-04-30T05:20:24.394297
"Bitcoin breaks through $95K barrier, enters consolidation phase",2025-04-30T04:09:14Z,cointrackdaily.com,https://cryptopanic.com/news/21435500/Bitcoin-breaks-through-95K-barrier-enters-consolidation-phase?mtm_campaign=API-OFA,0,2025-04-30T05:20:24.394297
Ripple News: SEC’s Paul Atkins Could Still Object ProShares’ XRP ETF Filing,2025-04-30T04:08:46Z,coinpedia.org,https://cryptopanic.com/news/21435501/Ripple-News-SECs-Paul-Atkins-Could-Still-Object-ProShares-XRP-ETF-Filing?mtm_campaign=API-OFA,0,2025-04-30T05:20:24.394297
"PayPal cleared in SEC probe over PYUSD stablecoin, but regulatory uncertainty looms",2025-04-30T04:05:04Z,cointrackdaily.com,https://cryptopanic.com/news/21435335/PayPal-cleared-in-SEC-probe-over-PYUSD-stablecoin-but-regulatory-uncertainty-looms?mtm_campaign=API-OFA,0,2025-04-30T05:20:24.394297
Dogecoin Heading Toward $1? Analyst Predicts Breakout For Meme Coin On Weekly Chart,2025-04-30T04:02:57Z,feeds2.benzinga.com,https://cryptopanic.com/news/21435854/Dogecoin-Heading-Toward-1-Analyst-Predicts-Breakout-For-Meme-Coin-On-Weekly-Chart?mtm_campaign=API-OFA,0,2025-04-30T05:20:24.394297
"Despite Elon Musk’s DOGE efforts, government spending actually went up after Trump won",2025-04-30T04:02:33Z,cryptopolitan.com,https://cryptopanic.com/news/21435390/Despite-Elon-Musks-DOGE-efforts-government-spending-actually-went-up-after-Trump-won?mtm_campaign=API-OFA,0,2025-04-30T05:20:24.394297
UK treasury unveils draft crypto regulations to balance innovation and investor protection,2025-04-30T04:01:38Z,cointrackdaily.com,https://cryptopanic.com/news/21435037/UK-treasury-unveils-draft-crypto-regulations-to-balance-innovation-and-investor-protection?mtm_campaign=API-OFA,0,2025-04-30T05:20:24.394297
Analysts Suggest Bitcoin Could Be on the Verge of Another Bull Run,2025-04-30T04:00:34Z,coindoo.com,https://cryptopanic.com/news/21434985/Analysts-Suggest-Bitcoin-Could-Be-on-the-Verge-of-Another-Bull-Run?mtm_campaign=API-OFA,0,2025-04-30T05:20:24.394297
Trump’s Truth+ Considers Adding Crypto Wallet and Token: Report,2025-04-30T05:21:29Z,cryptonews.com,https://cryptopanic.com/news/21436882/Trumps-Truth-Considers-Adding-Crypto-Wallet-and-Token-Report?mtm_campaign=API-OFA,0,2025-04-30T05:25:23.070267
BlackRock files to create digital shares tracking one of its money market funds,2025-04-30T05:18:58Z,cointelegraph.com,https://cryptopanic.com/news/21436879/BlackRock-files-to-create-digital-shares-tracking-one-of-its-money-market-funds?mtm_campaign=API-OFA,0,2025-04-30T05:25:23.070267
US tariff activity has slowed down China’s manufacturing industry,2025-04-30T05:13:49Z,cryptopolitan.com,https://cryptopanic.com/news/21436847/US-tariff-activity-has-slowed-down-Chinas-manufacturing-industry?mtm_campaign=API-OFA,0,2025-04-30T05:25:23.070267
Italy Flags Trump-Fueled Crypto Surge as Potential Threat to Financial System,2025-04-30T05:06:57Z,cryptonews.com,https://cryptopanic.com/news/21436365/Italy-Flags-Trump-Fueled-Crypto-Surge-as-Potential-Threat-to-Financial-System?mtm_campaign=API-OFA,0,2025-04-30T05:25:23.070267
"Nuclear-Armed India, Pakistan Heading For Conflict Again? Polymarket Bettors Think Yes Amid Pak Minister's 'Imminent' Attack Remark",2025-04-30T05:00:33Z,feeds2.benzinga.com,https://cryptopanic.com/news/21436696/Nuclear-Armed-India-Pakistan-Heading-For-Conflict-Again-Polymarket-Bettors-Think-Yes-Amid-Pak-Ministers-Imminent-Attack-Remark?mtm_campaign=API-OFA,0,2025-04-30T05:25:23.070267
"Cardano’s reality check – $10 price target too far, but is $1 within reach right now?",2025-04-30T05:00:20Z,ambcrypto.com,https://cryptopanic.com/news/21436110/Cardanos-reality-check-10-price-target-too-far-but-is-1-within-reach-right-now?mtm_campaign=API-OFA,0,2025-04-30T05:25:23.070267
"Bitcoin ""Space Race"": Reports Challenge Alleged Claims by Trump Executive",2025-04-30T04:51:53Z,coincu.com,https://cryptopanic.com/news/21435926/Bitcoin-Space-Race-Reports-Challenge-Alleged-Claims-by-Trump-Executive?mtm_campaign=API-OFA,0,2025-04-30T05:25:23.070267
Anonymous Traders Score Big on This Crypto as Solana Memecoins Surge,2025-04-30T04:30:03Z,coindoo.com,https://cryptopanic.com/news/21435872/Anonymous-Traders-Score-Big-on-This-Crypto-as-Solana-Memecoins-Surge?mtm_campaign=API-OFA,0,2025-04-30T05:25:23.070267
New Cboe Bitcoin Futures (XBTF) Offer More Flexibility for Crypto Traders,2025-04-30T04:27:48Z,coinpedia.org,https://cryptopanic.com/news/21435870/New-Cboe-Bitcoin-Futures-XBTF-Offer-More-Flexibility-for-Crypto-Traders?mtm_campaign=API-OFA,0,2025-04-30T05:25:23.070267
Binance and Solv Protocol Launch BTC Staking Integration,2025-04-30T04:22:19Z,coincu.com,https://cryptopanic.com/news/21435867/Binance-and-Solv-Protocol-Launch-BTC-Staking-Integration?mtm_campaign=API-OFA,0,2025-04-30T05:25:23.070267
"Ethereum Rollup Scroll Now Lets Users Exit Independently, Becoming 'First' to Hit Decentralization Milestone",2025-04-30T04:22:11Z,decrypt.co,https://cryptopanic.com/news/21435866/Ethereum-Rollup-Scroll-Now-Lets-Users-Exit-Independently-Becoming-First-to-Hit-Decentralization-Milestone?mtm_campaign=API-OFA,1,2025-04-30T05:25:23.070267
Tesla becomes the first Mag 7 stock to ever reclaim 200-day average,2025-04-30T04:20:06Z,cryptopolitan.com,https://cryptopanic.com/news/21435878/Tesla-becomes-the-first-Mag-7-stock-to-ever-reclaim-200-day-average?mtm_campaign=API-OFA,0,2025-04-30T05:25:23.070267
US Senate Eyes Pre-Memorial Day Vote on Stablecoin Law: Report,2025-04-30T04:17:54Z,cryptonews.com,https://cryptopanic.com/news/21435856/US-Senate-Eyes-Pre-Memorial-Day-Vote-on-Stablecoin-Law-Report?mtm_campaign=API-OFA,0,2025-04-30T05:25:23.070267
"US Treasury’s OFAC can’t restore Tornado Cash sanctions, judge rules",2025-04-30T04:14:54Z,cointelegraph.com,https://cryptopanic.com/news/21435855/US-Treasurys-OFAC-cant-restore-Tornado-Cash-sanctions-judge-rules?mtm_campaign=API-OFA,0,2025-04-30T05:25:23.070267
"Top 3 Price Prediction Bitcoin, Ethereum, Ripple: Bulls target $100,000 BTC, $2,000 ETH, and $3 XRP",2025-04-30T04:12:41Z,fxstreet.com,https://cryptopanic.com/news/21436846/Top-3-Price-Prediction-Bitcoin-Ethereum-Ripple-Bulls-target-100000-BTC-2000-ETH-and-3-XRP?mtm_campaign=API-OFA,0,2025-04-30T05:25:23.070267
SEC Slows Crypto ETF Momentum With New Round of Delays,2025-04-30T04:12:19Z,coindoo.com,https://cryptopanic.com/news/21435677/SEC-Slows-Crypto-ETF-Momentum-With-New-Round-of-Delays?mtm_campaign=API-OFA,0,2025-04-30T05:25:23.070267
Tether mints 3 billion USDT on Ethereum and TRON as markets stabilize,2025-04-30T04:10:55Z,fxstreet.com,https://cryptopanic.com/news/21436497/Tether-mints-3-billion-USDT-on-Ethereum-and-TRON-as-markets-stabilize?mtm_campaign=API-OFA,0,2025-04-30T05:25:23.070267
"Bitcoin breaks through $95K barrier, enters consolidation phase",2025-04-30T04:09:14Z,cointrackdaily.com,https://cryptopanic.com/news/21435500/Bitcoin-breaks-through-95K-barrier-enters-consolidation-phase?mtm_campaign=API-OFA,0,2025-04-30T05:25:23.070267
Ripple News: SEC’s Paul Atkins Could Still Object ProShares’ XRP ETF Filing,2025-04-30T04:08:46Z,coinpedia.org,https://cryptopanic.com/news/21435501/Ripple-News-SECs-Paul-Atkins-Could-Still-Object-ProShares-XRP-ETF-Filing?mtm_campaign=API-OFA,0,2025-04-30T05:25:23.070267
"PayPal cleared in SEC probe over PYUSD stablecoin, but regulatory uncertainty looms",2025-04-30T04:05:04Z,cointrackdaily.com,https://cryptopanic.com/news/21435335/PayPal-cleared-in-SEC-probe-over-PYUSD-stablecoin-but-regulatory-uncertainty-looms?mtm_campaign=API-OFA,0,2025-04-30T05:25:23.070267
